{
  "apiVersion": "1.0",
  "swaggerVersion": "1.2",
  "basePath": "http://localhost:3000/api",
  "resourcePath": "/account_reports",
  "produces": [
    "application/json"
  ],
  "apis": [
    {
      "path": "/v1/accounts/{account_id}/reports",
      "description": "Returns a paginated list of reports for the current context.",
      "operations": [
        {
          "method": "GET",
          "summary": "List Available Reports",
          "notes": "Returns a paginated list of reports for the current context.",
          "nickname": "list_available_reports",
          "parameters": [
            {
              "paramType": "path",
              "name": "account_id",
              "description": "ID",
              "type": "string",
              "format": null,
              "required": true,
              "deprecated": false
            }
          ],
          "response_fields": [
            {
              "name": "name",
              "description": "The name of the report.",
              "deprecated": false
            },
            {
              "name": "parameters",
              "description": "The parameters will vary for each report",
              "deprecated": false
            }
          ],
          "deprecated": false,
          "deprecation_description": "",
          "type": "void"
        }
      ]
    },
    {
      "path": "/v1/accounts/{account_id}/reports/{report}",
      "description": "Generates a report instance for the account. Note that \"report\" in the\nrequest must match one of the available report names. To fetch a list of\navailable report names and parameters for each report (including whether or\nnot those parameters are required), see\n{api:AccountReportsController#available_reports List Available Reports}.",
      "operations": [
        {
          "method": "POST",
          "summary": "Start a Report",
          "notes": "Generates a report instance for the account. Note that \"report\" in the\nrequest must match one of the available report names. To fetch a list of\navailable report names and parameters for each report (including whether or\nnot those parameters are required), see\n{api:AccountReportsController#available_reports List Available Reports}.",
          "nickname": "start_report",
          "parameters": [
            {
              "paramType": "path",
              "name": "account_id",
              "description": "ID",
              "type": "string",
              "format": null,
              "required": true,
              "deprecated": false
            },
            {
              "paramType": "path",
              "name": "report",
              "description": "ID",
              "type": "string",
              "format": null,
              "required": true,
              "deprecated": false
            },
            {
              "paramType": "form",
              "name": "parameters",
              "description": "The parameters will vary for each report. To fetch a list\nof available parameters for each report, see {api:AccountReportsController#available_reports List Available Reports}.\nA few example parameters have been provided below. Note that the example\nparameters provided below may not be valid for every report.",
              "type": "string",
              "format": null,
              "required": false,
              "deprecated": false
            },
            {
              "paramType": "form",
              "name": "parameters[skip_message]",
              "description": "If true, no message will be sent\nto the user upon completion of the report.",
              "type": "boolean",
              "format": null,
              "required": false,
              "deprecated": false
            },
            {
              "paramType": "form",
              "name": "parameters[course_id]",
              "description": "The id of the course to report on.\nNote: this parameter has been listed to serve as an example and may not be\nvalid for every report.",
              "type": "integer",
              "format": "int64",
              "required": false,
              "deprecated": false
            },
            {
              "paramType": "form",
              "name": "parameters[users]",
              "description": "If true, user data will be included. If\nfalse, user data will be omitted. Note: this parameter has been listed to\nserve as an example and may not be valid for every report.",
              "type": "boolean",
              "format": null,
              "required": false,
              "deprecated": false
            }
          ],
          "response_fields": [],
          "deprecated": false,
          "deprecation_description": "",
          "type": "Report"
        }
      ]
    },
    {
      "path": "/v1/accounts/{account_id}/reports/{report}",
      "description": "Shows all reports that have been run for the account of a specific type.",
      "operations": [
        {
          "method": "GET",
          "summary": "Index of Reports",
          "notes": "Shows all reports that have been run for the account of a specific type.",
          "nickname": "index_of_reports",
          "parameters": [
            {
              "paramType": "path",
              "name": "account_id",
              "description": "ID",
              "type": "string",
              "format": null,
              "required": true,
              "deprecated": false
            },
            {
              "paramType": "path",
              "name": "report",
              "description": "ID",
              "type": "string",
              "format": null,
              "required": true,
              "deprecated": false
            }
          ],
          "response_fields": [],
          "deprecated": false,
          "deprecation_description": "",
          "type": "array",
          "items": {
            "$ref": "Report"
          }
        }
      ]
    },
    {
      "path": "/v1/accounts/{account_id}/reports/{report}/{id}",
      "description": "Returns the status of a report.",
      "operations": [
        {
          "method": "GET",
          "summary": "Status of a Report",
          "notes": "Returns the status of a report.",
          "nickname": "status_of_report",
          "parameters": [
            {
              "paramType": "path",
              "name": "account_id",
              "description": "ID",
              "type": "string",
              "format": null,
              "required": true,
              "deprecated": false
            },
            {
              "paramType": "path",
              "name": "report",
              "description": "ID",
              "type": "string",
              "format": null,
              "required": true,
              "deprecated": false
            },
            {
              "paramType": "path",
              "name": "id",
              "description": "ID",
              "type": "string",
              "format": null,
              "required": true,
              "deprecated": false
            }
          ],
          "response_fields": [],
          "deprecated": false,
          "deprecation_description": "",
          "type": "Report"
        }
      ]
    },
    {
      "path": "/v1/accounts/{account_id}/reports/{report}/{id}",
      "description": "Deletes a generated report instance.",
      "operations": [
        {
          "method": "DELETE",
          "summary": "Delete a Report",
          "notes": "Deletes a generated report instance.",
          "nickname": "delete_report",
          "parameters": [
            {
              "paramType": "path",
              "name": "account_id",
              "description": "ID",
              "type": "string",
              "format": null,
              "required": true,
              "deprecated": false
            },
            {
              "paramType": "path",
              "name": "report",
              "description": "ID",
              "type": "string",
              "format": null,
              "required": true,
              "deprecated": false
            },
            {
              "paramType": "path",
              "name": "id",
              "description": "ID",
              "type": "string",
              "format": null,
              "required": true,
              "deprecated": false
            }
          ],
          "response_fields": [],
          "deprecated": false,
          "deprecation_description": "",
          "type": "Report"
        }
      ]
    }
  ],
  "models": {
    "Report": {
      "id": "Report",
      "description": "",
      "required": [],
      "deprecated": false,
      "deprecation_description": null,
      "properties": {
        "id": {
          "description": "The unique identifier for the report.",
          "example": "1",
          "type": "integer"
        },
        "report": {
          "description": "The type of report.",
          "example": "sis_export_csv",
          "type": "string"
        },
        "file_url": {
          "description": "The url to the report download.",
          "example": "https://example.com/some/path",
          "type": "string"
        },
        "attachment": {
          "description": "The attachment api object of the report. Only available after the report has completed.",
          "$ref": "File"
        },
        "status": {
          "description": "The status of the report",
          "example": "complete",
          "type": "string"
        },
        "created_at": {
          "description": "The date and time the report was created.",
          "example": "2013-12-01T23:59:00-06:00",
          "type": "datetime"
        },
        "started_at": {
          "description": "The date and time the report started processing.",
          "example": "2013-12-02T00:03:21-06:00",
          "type": "datetime"
        },
        "ended_at": {
          "description": "The date and time the report finished processing.",
          "example": "2013-12-02T00:03:21-06:00",
          "type": "datetime"
        },
        "parameters": {
          "description": "The report parameters",
          "example": {
            "course_id": 2,
            "start_at": "2012-07-13T10:55:20-06:00",
            "end_at": "2012-07-13T10:55:20-06:00"
          },
          "$ref": "ReportParameters"
        },
        "progress": {
          "description": "The progress of the report",
          "example": "100",
          "type": "integer"
        },
        "current_line": {
          "description": "This is the current line count being written to the report. It updates every 1000 records.",
          "example": "12000",
          "type": "integer"
        }
      }
    },
    "ReportParameters": {
      "id": "ReportParameters",
      "description": "The parameters returned will vary for each report.",
      "required": [],
      "deprecated": false,
      "deprecation_description": null,
      "properties": {
        "enrollment_term_id": {
          "description": "The canvas id of the term to get grades from",
          "example": 2,
          "type": "integer"
        },
        "include_deleted": {
          "description": "If true, deleted objects will be included. If false, deleted objects will be omitted.",
          "example": false,
          "type": "boolean"
        },
        "course_id": {
          "description": "The id of the course to report on",
          "example": 2,
          "type": "integer"
        },
        "order": {
          "description": "The sort order for the csv, Options: 'users', 'courses', 'outcomes'.",
          "example": "users",
          "type": "string",
          "allowableValues": {
            "values": [
              "users",
              "courses",
              "outcomes"
            ]
          }
        },
        "users": {
          "description": "If true, user data will be included. If false, user data will be omitted.",
          "example": false,
          "type": "boolean"
        },
        "accounts": {
          "description": "If true, account data will be included. If false, account data will be omitted.",
          "example": false,
          "type": "boolean"
        },
        "terms": {
          "description": "If true, term data will be included. If false, term data will be omitted.",
          "example": false,
          "type": "boolean"
        },
        "courses": {
          "description": "If true, course data will be included. If false, course data will be omitted.",
          "example": false,
          "type": "boolean"
        },
        "sections": {
          "description": "If true, section data will be included. If false, section data will be omitted.",
          "example": false,
          "type": "boolean"
        },
        "enrollments": {
          "description": "If true, enrollment data will be included. If false, enrollment data will be omitted.",
          "example": false,
          "type": "boolean"
        },
        "groups": {
          "description": "If true, group data will be included. If false, group data will be omitted.",
          "example": false,
          "type": "boolean"
        },
        "xlist": {
          "description": "If true, data for crosslisted courses will be included. If false, data for crosslisted courses will be omitted.",
          "example": false,
          "type": "boolean"
        },
        "sis_terms_csv": {
          "example": 1,
          "type": "integer"
        },
        "sis_accounts_csv": {
          "example": 1,
          "type": "integer"
        },
        "include_enrollment_state": {
          "description": "If true, enrollment state will be included. If false, enrollment state will be omitted. Defaults to false.",
          "example": false,
          "type": "boolean"
        },
        "enrollment_state": {
          "description": "Include enrollment state. Defaults to 'all' Options: ['active'| 'invited'| 'creation_pending'| 'deleted'| 'rejected'| 'completed'| 'inactive'| 'all']",
          "example": [
            "all"
          ],
          "type": "array",
          "items": {
            "type": "string"
          }
        },
        "start_at": {
          "description": "The beginning date for submissions. Max time range is 2 weeks.",
          "example": "2012-07-13T10:55:20-06:00",
          "type": "datetime"
        },
        "end_at": {
          "description": "The end date for submissions. Max time range is 2 weeks.",
          "example": "2012-07-13T10:55:20-06:00",
          "type": "datetime"
        }
      }
    }
  }
}
