{
  "apiVersion": "1.0",
  "swaggerVersion": "1.2",
  "basePath": "http://localhost:3000/api",
  "resourcePath": "/bookmarks",
  "produces": [
    "application/json"
  ],
  "apis": [
    {
      "path": "/v1/users/self/bookmarks",
      "description": "Returns the paginated list of bookmarks.",
      "operations": [
        {
          "method": "GET",
          "summary": "List bookmarks",
          "notes": "Returns the paginated list of bookmarks.",
          "nickname": "list_bookmarks",
          "parameters": [],
          "response_fields": [],
          "deprecated": false,
          "deprecation_description": "",
          "type": "array",
          "items": {
            "$ref": "Bookmark"
          }
        }
      ]
    },
    {
      "path": "/v1/users/self/bookmarks",
      "description": "Creates a bookmark.",
      "operations": [
        {
          "method": "POST",
          "summary": "Create bookmark",
          "notes": "Creates a bookmark.",
          "nickname": "create_bookmark",
          "parameters": [
            {
              "paramType": "form",
              "name": "name",
              "description": "The name of the bookmark",
              "type": "string",
              "format": null,
              "required": false,
              "deprecated": false
            },
            {
              "paramType": "form",
              "name": "url",
              "description": "The url of the bookmark",
              "type": "string",
              "format": null,
              "required": false,
              "deprecated": false
            },
            {
              "paramType": "form",
              "name": "position",
              "description": "The position of the bookmark. Defaults to the bottom.",
              "type": "integer",
              "format": "int64",
              "required": false,
              "deprecated": false
            },
            {
              "paramType": "form",
              "name": "data",
              "description": "The data associated with the bookmark",
              "type": "string",
              "format": null,
              "required": false,
              "deprecated": false
            }
          ],
          "response_fields": [],
          "deprecated": false,
          "deprecation_description": "",
          "type": "Bookmark"
        }
      ]
    },
    {
      "path": "/v1/users/self/bookmarks/{id}",
      "description": "Returns the details for a bookmark.",
      "operations": [
        {
          "method": "GET",
          "summary": "Get bookmark",
          "notes": "Returns the details for a bookmark.",
          "nickname": "get_bookmark",
          "parameters": [
            {
              "paramType": "path",
              "name": "id",
              "description": "ID",
              "type": "string",
              "format": null,
              "required": true,
              "deprecated": false
            }
          ],
          "response_fields": [],
          "deprecated": false,
          "deprecation_description": "",
          "type": "Bookmark"
        }
      ]
    },
    {
      "path": "/v1/users/self/bookmarks/{id}",
      "description": "Updates a bookmark",
      "operations": [
        {
          "method": "PUT",
          "summary": "Update bookmark",
          "notes": "Updates a bookmark",
          "nickname": "update_bookmark",
          "parameters": [
            {
              "paramType": "path",
              "name": "id",
              "description": "ID",
              "type": "string",
              "format": null,
              "required": true,
              "deprecated": false
            },
            {
              "paramType": "form",
              "name": "name",
              "description": "The name of the bookmark",
              "type": "string",
              "format": null,
              "required": false,
              "deprecated": false
            },
            {
              "paramType": "form",
              "name": "url",
              "description": "The url of the bookmark",
              "type": "string",
              "format": null,
              "required": false,
              "deprecated": false
            },
            {
              "paramType": "form",
              "name": "position",
              "description": "The position of the bookmark. Defaults to the bottom.",
              "type": "integer",
              "format": "int64",
              "required": false,
              "deprecated": false
            },
            {
              "paramType": "form",
              "name": "data",
              "description": "The data associated with the bookmark",
              "type": "string",
              "format": null,
              "required": false,
              "deprecated": false
            }
          ],
          "response_fields": [],
          "deprecated": false,
          "deprecation_description": "",
          "type": "Folder"
        }
      ]
    },
    {
      "path": "/v1/users/self/bookmarks/{id}",
      "description": "Deletes a bookmark",
      "operations": [
        {
          "method": "DELETE",
          "summary": "Delete bookmark",
          "notes": "Deletes a bookmark",
          "nickname": "delete_bookmark",
          "parameters": [
            {
              "paramType": "path",
              "name": "id",
              "description": "ID",
              "type": "string",
              "format": null,
              "required": true,
              "deprecated": false
            }
          ],
          "response_fields": [],
          "deprecated": false,
          "deprecation_description": "",
          "type": "void"
        }
      ]
    }
  ],
  "models": {
    "Bookmark": {
      "id": "Bookmark",
      "description": "",
      "required": [],
      "deprecated": false,
      "deprecation_description": null,
      "properties": {
        "id": {
          "example": 1,
          "type": "integer"
        },
        "name": {
          "example": "Biology 101",
          "type": "string"
        },
        "url": {
          "example": "/courses/1",
          "type": "string"
        },
        "position": {
          "example": 1,
          "type": "integer"
        },
        "data": {
          "example": {
            "active_tab": 1
          },
          "type": "object"
        }
      }
    }
  }
}
