{
  "apiVersion": "1.0",
  "swaggerVersion": "1.2",
  "basePath": "http://localhost:3000/api",
  "resourcePath": "/calendar_events",
  "produces": [
    "application/json"
  ],
  "apis": [
    {
      "path": "/v1/calendar_events",
      "description": "Retrieve the paginated list of calendar events or assignments for the current user",
      "operations": [
        {
          "method": "GET",
          "summary": "List calendar events",
          "notes": "Retrieve the paginated list of calendar events or assignments for the current user",
          "nickname": "list_calendar_events",
          "parameters": [
            {
              "paramType": "query",
              "name": "type",
              "description": "Defaults to \"event\"",
              "type": "string",
              "format": null,
              "required": false,
              "deprecated": false,
              "enum": [
                "event",
                "assignment"
              ]
            },
            {
              "paramType": "query",
              "name": "start_date",
              "description": "Only return events since the start_date (inclusive).\nDefaults to today. The value should be formatted as: yyyy-mm-dd or ISO 8601 YYYY-MM-DDTHH:MM:SSZ.",
              "type": "Date",
              "format": null,
              "required": false,
              "deprecated": false
            },
            {
              "paramType": "query",
              "name": "end_date",
              "description": "Only return events before the end_date (inclusive).\nDefaults to start_date. The value should be formatted as: yyyy-mm-dd or ISO 8601 YYYY-MM-DDTHH:MM:SSZ.\nIf end_date is the same as start_date, then only events on that day are\nreturned.",
              "type": "Date",
              "format": null,
              "required": false,
              "deprecated": false
            },
            {
              "paramType": "query",
              "name": "undated",
              "description": "Defaults to false (dated events only).\nIf true, only return undated events and ignore start_date and end_date.",
              "type": "boolean",
              "format": null,
              "required": false,
              "deprecated": false
            },
            {
              "paramType": "query",
              "name": "all_events",
              "description": "Defaults to false (uses start_date, end_date, and undated criteria).\nIf true, all events are returned, ignoring start_date, end_date, and undated criteria.",
              "type": "boolean",
              "format": null,
              "required": false,
              "deprecated": false
            },
            {
              "paramType": "query",
              "name": "context_codes",
              "description": "List of context codes of courses/groups/users whose events you want to see.\nIf not specified, defaults to the current user (i.e personal calendar,\nno course/group events). Limited to 10 context codes, additional ones are\nignored. The format of this field is the context type, followed by an\nunderscore, followed by the context id. For example: course_42",
              "type": "array",
              "format": null,
              "required": false,
              "deprecated": false,
              "items": {
                "type": "string"
              }
            },
            {
              "paramType": "query",
              "name": "excludes",
              "description": "Array of attributes to exclude. Possible values are \"description\", \"child_events\" and \"assignment\"",
              "type": "array",
              "format": null,
              "required": false,
              "deprecated": false,
              "items": {
                "$ref": "Array"
              }
            },
            {
              "paramType": "query",
              "name": "includes",
              "description": "Array of optional attributes to include. Possible values are \"web_conferenes\" and \"series_natural_language\"",
              "type": "array",
              "format": null,
              "required": false,
              "deprecated": false,
              "items": {
                "$ref": "Array"
              }
            },
            {
              "paramType": "query",
              "name": "important_dates",
              "description": "Defaults to false.\nIf true, only events with important dates set to true will be returned.",
              "type": "boolean",
              "format": null,
              "required": false,
              "deprecated": false
            },
            {
              "paramType": "query",
              "name": "blackout_date",
              "description": "Defaults to false.\nIf true, only events with blackout date set to true will be returned.",
              "type": "boolean",
              "format": null,
              "required": false,
              "deprecated": false
            }
          ],
          "response_fields": [],
          "deprecated": false,
          "deprecation_description": "",
          "type": "array",
          "items": {
            "$ref": "CalendarEvent"
          }
        }
      ]
    },
    {
      "path": "/v1/users/{user_id}/calendar_events",
      "description": "Retrieve the paginated list of calendar events or assignments for the specified user.\nTo view calendar events for a user other than yourself,\nyou must either be an observer of that user or an administrator.",
      "operations": [
        {
          "method": "GET",
          "summary": "List calendar events for a user",
          "notes": "Retrieve the paginated list of calendar events or assignments for the specified user.\nTo view calendar events for a user other than yourself,\nyou must either be an observer of that user or an administrator.",
          "nickname": "list_calendar_events_for_user",
          "parameters": [
            {
              "paramType": "path",
              "name": "user_id",
              "description": "ID",
              "type": "string",
              "format": null,
              "required": true,
              "deprecated": false
            },
            {
              "paramType": "query",
              "name": "type",
              "description": "Defaults to \"event\"",
              "type": "string",
              "format": null,
              "required": false,
              "deprecated": false,
              "enum": [
                "event",
                "assignment"
              ]
            },
            {
              "paramType": "query",
              "name": "start_date",
              "description": "Only return events since the start_date (inclusive).\nDefaults to today. The value should be formatted as: yyyy-mm-dd or ISO 8601 YYYY-MM-DDTHH:MM:SSZ.",
              "type": "Date",
              "format": null,
              "required": false,
              "deprecated": false
            },
            {
              "paramType": "query",
              "name": "end_date",
              "description": "Only return events before the end_date (inclusive).\nDefaults to start_date. The value should be formatted as: yyyy-mm-dd or ISO 8601 YYYY-MM-DDTHH:MM:SSZ.\nIf end_date is the same as start_date, then only events on that day are\nreturned.",
              "type": "Date",
              "format": null,
              "required": false,
              "deprecated": false
            },
            {
              "paramType": "query",
              "name": "undated",
              "description": "Defaults to false (dated events only).\nIf true, only return undated events and ignore start_date and end_date.",
              "type": "boolean",
              "format": null,
              "required": false,
              "deprecated": false
            },
            {
              "paramType": "query",
              "name": "all_events",
              "description": "Defaults to false (uses start_date, end_date, and undated criteria).\nIf true, all events are returned, ignoring start_date, end_date, and undated criteria.",
              "type": "boolean",
              "format": null,
              "required": false,
              "deprecated": false
            },
            {
              "paramType": "query",
              "name": "context_codes",
              "description": "List of context codes of courses/groups/users whose events you want to see.\nIf not specified, defaults to the current user (i.e personal calendar,\nno course/group events). Limited to 10 context codes, additional ones are\nignored. The format of this field is the context type, followed by an\nunderscore, followed by the context id. For example: course_42",
              "type": "array",
              "format": null,
              "required": false,
              "deprecated": false,
              "items": {
                "type": "string"
              }
            },
            {
              "paramType": "query",
              "name": "excludes",
              "description": "Array of attributes to exclude. Possible values are \"description\", \"child_events\" and \"assignment\"",
              "type": "array",
              "format": null,
              "required": false,
              "deprecated": false,
              "items": {
                "$ref": "Array"
              }
            },
            {
              "paramType": "query",
              "name": "submission_types",
              "description": "When type is \"assignment\", specifies the allowable submission types for returned assignments.\nIgnored if type is not \"assignment\" or if exclude_submission_types is provided.",
              "type": "array",
              "format": null,
              "required": false,
              "deprecated": false,
              "items": {
                "$ref": "Array"
              }
            },
            {
              "paramType": "query",
              "name": "exclude_submission_types",
              "description": "When type is \"assignment\", specifies the submission types to be excluded from the returned\nassignments. Ignored if type is not \"assignment\".",
              "type": "array",
              "format": null,
              "required": false,
              "deprecated": false,
              "items": {
                "$ref": "Array"
              }
            },
            {
              "paramType": "query",
              "name": "includes",
              "description": "Array of optional attributes to include. Possible values are \"web_conferenes\" and \"series_natural_language\"",
              "type": "array",
              "format": null,
              "required": false,
              "deprecated": false,
              "items": {
                "$ref": "Array"
              }
            },
            {
              "paramType": "query",
              "name": "important_dates",
              "description": "Defaults to false\nIf true, only events with important dates set to true will be returned.",
              "type": "boolean",
              "format": null,
              "required": false,
              "deprecated": false
            },
            {
              "paramType": "query",
              "name": "blackout_date",
              "description": "Defaults to false\nIf true, only events with blackout date set to true will be returned.",
              "type": "boolean",
              "format": null,
              "required": false,
              "deprecated": false
            }
          ],
          "response_fields": [],
          "deprecated": false,
          "deprecation_description": "",
          "type": "array",
          "items": {
            "$ref": "CalendarEvent"
          }
        }
      ]
    },
    {
      "path": "/v1/calendar_events",
      "description": "Create and return a new calendar event",
      "operations": [
        {
          "method": "POST",
          "summary": "Create a calendar event",
          "notes": "Create and return a new calendar event",
          "nickname": "create_calendar_event",
          "parameters": [
            {
              "paramType": "form",
              "name": "calendar_event[context_code]",
              "description": "Context code of the course/group/user whose calendar this event should be\nadded to.",
              "type": "string",
              "format": null,
              "required": true,
              "deprecated": false
            },
            {
              "paramType": "form",
              "name": "calendar_event[title]",
              "description": "Short title for the calendar event.",
              "type": "string",
              "format": null,
              "required": false,
              "deprecated": false
            },
            {
              "paramType": "form",
              "name": "calendar_event[description]",
              "description": "Longer HTML description of the event.",
              "type": "string",
              "format": null,
              "required": false,
              "deprecated": false
            },
            {
              "paramType": "form",
              "name": "calendar_event[start_at]",
              "description": "Start date/time of the event.",
              "type": "DateTime",
              "format": null,
              "required": false,
              "deprecated": false
            },
            {
              "paramType": "form",
              "name": "calendar_event[end_at]",
              "description": "End date/time of the event.",
              "type": "DateTime",
              "format": null,
              "required": false,
              "deprecated": false
            },
            {
              "paramType": "form",
              "name": "calendar_event[location_name]",
              "description": "Location name of the event.",
              "type": "string",
              "format": null,
              "required": false,
              "deprecated": false
            },
            {
              "paramType": "form",
              "name": "calendar_event[location_address]",
              "description": "Location address",
              "type": "string",
              "format": null,
              "required": false,
              "deprecated": false
            },
            {
              "paramType": "form",
              "name": "calendar_event[time_zone_edited]",
              "description": "Time zone of the user editing the event. Allowed time zones are\n{http://www.iana.org/time-zones IANA time zones} or friendlier\n{http://api.rubyonrails.org/classes/ActiveSupport/TimeZone.html Ruby on Rails time zones}.",
              "type": "string",
              "format": null,
              "required": false,
              "deprecated": false
            },
            {
              "paramType": "form",
              "name": "calendar_event[all_day]",
              "description": "When true event is considered to span the whole day and times are ignored.",
              "type": "boolean",
              "format": null,
              "required": false,
              "deprecated": false
            },
            {
              "paramType": "form",
              "name": "calendar_event[child_event_data][X][start_at]",
              "description": "Section-level start time(s) if this is a course event. X can be any\nidentifier, provided that it is consistent across the start_at, end_at\nand context_code",
              "type": "DateTime",
              "format": null,
              "required": false,
              "deprecated": false
            },
            {
              "paramType": "form",
              "name": "calendar_event[child_event_data][X][end_at]",
              "description": "Section-level end time(s) if this is a course event.",
              "type": "DateTime",
              "format": null,
              "required": false,
              "deprecated": false
            },
            {
              "paramType": "form",
              "name": "calendar_event[child_event_data][X][context_code]",
              "description": "Context code(s) corresponding to the section-level start and end time(s).",
              "type": "string",
              "format": null,
              "required": false,
              "deprecated": false
            },
            {
              "paramType": "form",
              "name": "calendar_event[duplicate][count]",
              "description": "Number of times to copy/duplicate the event.  Count cannot exceed 200.",
              "type": "number",
              "format": null,
              "required": false,
              "deprecated": false
            },
            {
              "paramType": "form",
              "name": "calendar_event[duplicate][interval]",
              "description": "Defaults to 1 if duplicate `count` is set.  The interval between the duplicated events.",
              "type": "number",
              "format": null,
              "required": false,
              "deprecated": false
            },
            {
              "paramType": "form",
              "name": "calendar_event[duplicate][frequency]",
              "description": "Defaults to \"weekly\".  The frequency at which to duplicate the event",
              "type": "string",
              "format": null,
              "required": false,
              "deprecated": false,
              "enum": [
                "daily",
                "weekly",
                "monthly"
              ]
            },
            {
              "paramType": "form",
              "name": "calendar_event[duplicate][append_iterator]",
              "description": "Defaults to false.  If set to `true`, an increasing counter number will be appended to the event title\nwhen the event is duplicated.  (e.g. Event 1, Event 2, Event 3, etc)",
              "type": "boolean",
              "format": null,
              "required": false,
              "deprecated": false
            },
            {
              "paramType": "form",
              "name": "calendar_event[rrule]",
              "description": "If the calendar_series flag is enabled,\nthis parameter replaces the calendar_event's duplicate parameter to\ncreate a series of recurring events.\nIts value is the {https://icalendar.org/iCalendar-RFC-5545/3-8-5-3-recurrence-rule.html iCalendar RRULE}\ndefining how the event repeats, though unending series not supported.",
              "type": "string",
              "format": null,
              "required": false,
              "deprecated": false
            },
            {
              "paramType": "form",
              "name": "calendar_event[blackout_date]",
              "description": "If the blackout_date is true, this event represents a holiday or some\nother special day that does not count in course pacing.",
              "type": "boolean",
              "format": null,
              "required": false,
              "deprecated": false
            }
          ],
          "response_fields": [],
          "deprecated": false,
          "deprecation_description": "",
          "type": "void"
        }
      ]
    },
    {
      "path": "/v1/calendar_events/{id}",
      "description": "",
      "operations": [
        {
          "method": "GET",
          "summary": "Get a single calendar event or assignment",
          "notes": "",
          "nickname": "get_single_calendar_event_or_assignment",
          "parameters": [
            {
              "paramType": "path",
              "name": "id",
              "description": "ID",
              "type": "string",
              "format": null,
              "required": true,
              "deprecated": false
            }
          ],
          "response_fields": [],
          "deprecated": false,
          "deprecation_description": "",
          "type": "CalendarEvent"
        }
      ]
    },
    {
      "path": "/v1/calendar_events/{id}/reservations",
      "description": "Reserves a particular time slot and return the new reservation",
      "operations": [
        {
          "method": "POST",
          "summary": "Reserve a time slot",
          "notes": "Reserves a particular time slot and return the new reservation",
          "nickname": "reserve_time_slot",
          "parameters": [
            {
              "paramType": "path",
              "name": "id",
              "description": "ID",
              "type": "string",
              "format": null,
              "required": true,
              "deprecated": false
            },
            {
              "paramType": "form",
              "name": "participant_id",
              "description": "User or group id for whom you are making the reservation (depends on the\nparticipant type). Defaults to the current user (or user's candidate group).",
              "type": "string",
              "format": null,
              "required": false,
              "deprecated": false
            },
            {
              "paramType": "form",
              "name": "comments",
              "description": "Comments to associate with this reservation",
              "type": "string",
              "format": null,
              "required": false,
              "deprecated": false
            },
            {
              "paramType": "form",
              "name": "cancel_existing",
              "description": "Defaults to false. If true, cancel any previous reservation(s) for this\nparticipant and appointment group.",
              "type": "boolean",
              "format": null,
              "required": false,
              "deprecated": false
            }
          ],
          "response_fields": [],
          "deprecated": false,
          "deprecation_description": "",
          "type": "void"
        }
      ]
    },
    {
      "path": "/v1/calendar_events/{id}/reservations/{participant_id}",
      "description": "Reserves a particular time slot and return the new reservation",
      "operations": [
        {
          "method": "POST",
          "summary": "Reserve a time slot",
          "notes": "Reserves a particular time slot and return the new reservation",
          "nickname": "reserve_time_slot_participant_id",
          "parameters": [
            {
              "paramType": "path",
              "name": "id",
              "description": "ID",
              "type": "string",
              "format": null,
              "required": true,
              "deprecated": false
            },
            {
              "paramType": "path",
              "name": "participant_id",
              "description": "User or group id for whom you are making the reservation (depends on the\nparticipant type). Defaults to the current user (or user's candidate group).",
              "type": "string",
              "format": null,
              "required": true,
              "deprecated": false
            },
            {
              "paramType": "form",
              "name": "comments",
              "description": "Comments to associate with this reservation",
              "type": "string",
              "format": null,
              "required": false,
              "deprecated": false
            },
            {
              "paramType": "form",
              "name": "cancel_existing",
              "description": "Defaults to false. If true, cancel any previous reservation(s) for this\nparticipant and appointment group.",
              "type": "boolean",
              "format": null,
              "required": false,
              "deprecated": false
            }
          ],
          "response_fields": [],
          "deprecated": false,
          "deprecation_description": "",
          "type": "void"
        }
      ]
    },
    {
      "path": "/v1/calendar_events/{id}",
      "description": "Update and return a calendar event",
      "operations": [
        {
          "method": "PUT",
          "summary": "Update a calendar event",
          "notes": "Update and return a calendar event",
          "nickname": "update_calendar_event",
          "parameters": [
            {
              "paramType": "path",
              "name": "id",
              "description": "ID",
              "type": "string",
              "format": null,
              "required": true,
              "deprecated": false
            },
            {
              "paramType": "form",
              "name": "calendar_event[context_code]",
              "description": "Context code of the course/group/user to move this event to.\nScheduler appointments and events with section-specific times cannot be moved between calendars.",
              "type": "string",
              "format": null,
              "required": false,
              "deprecated": false
            },
            {
              "paramType": "form",
              "name": "calendar_event[title]",
              "description": "Short title for the calendar event.",
              "type": "string",
              "format": null,
              "required": false,
              "deprecated": false
            },
            {
              "paramType": "form",
              "name": "calendar_event[description]",
              "description": "Longer HTML description of the event.",
              "type": "string",
              "format": null,
              "required": false,
              "deprecated": false
            },
            {
              "paramType": "form",
              "name": "calendar_event[start_at]",
              "description": "Start date/time of the event.",
              "type": "DateTime",
              "format": null,
              "required": false,
              "deprecated": false
            },
            {
              "paramType": "form",
              "name": "calendar_event[end_at]",
              "description": "End date/time of the event.",
              "type": "DateTime",
              "format": null,
              "required": false,
              "deprecated": false
            },
            {
              "paramType": "form",
              "name": "calendar_event[location_name]",
              "description": "Location name of the event.",
              "type": "string",
              "format": null,
              "required": false,
              "deprecated": false
            },
            {
              "paramType": "form",
              "name": "calendar_event[location_address]",
              "description": "Location address",
              "type": "string",
              "format": null,
              "required": false,
              "deprecated": false
            },
            {
              "paramType": "form",
              "name": "calendar_event[time_zone_edited]",
              "description": "Time zone of the user editing the event. Allowed time zones are\n{http://www.iana.org/time-zones IANA time zones} or friendlier\n{http://api.rubyonrails.org/classes/ActiveSupport/TimeZone.html Ruby on Rails time zones}.",
              "type": "string",
              "format": null,
              "required": false,
              "deprecated": false
            },
            {
              "paramType": "form",
              "name": "calendar_event[all_day]",
              "description": "When true event is considered to span the whole day and times are ignored.",
              "type": "boolean",
              "format": null,
              "required": false,
              "deprecated": false
            },
            {
              "paramType": "form",
              "name": "calendar_event[child_event_data][X][start_at]",
              "description": "Section-level start time(s) if this is a course event. X can be any\nidentifier, provided that it is consistent across the start_at, end_at\nand context_code",
              "type": "DateTime",
              "format": null,
              "required": false,
              "deprecated": false
            },
            {
              "paramType": "form",
              "name": "calendar_event[child_event_data][X][end_at]",
              "description": "Section-level end time(s) if this is a course event.",
              "type": "DateTime",
              "format": null,
              "required": false,
              "deprecated": false
            },
            {
              "paramType": "form",
              "name": "calendar_event[child_event_data][X][context_code]",
              "description": "Context code(s) corresponding to the section-level start and end time(s).",
              "type": "string",
              "format": null,
              "required": false,
              "deprecated": false
            },
            {
              "paramType": "form",
              "name": "calendar_event[rrule]",
              "description": "Valid if the calendar_series feature is enabled and the event whose\nID is in the URL is part of a series.\nThis defines the shape of the recurring event series after it's updated.\nIts value is the iCalendar RRULE, though unending series not supported.",
              "type": "string",
              "format": null,
              "required": false,
              "deprecated": false
            },
            {
              "paramType": "form",
              "name": "which",
              "description": "Valid if the calendar_series feature is enabled and the event whose\nID is in the URL is part of a series.\nUpdate just the event whose ID is in in the URL, all events\nin the series, or the given event and all those following.",
              "type": "string",
              "format": null,
              "required": false,
              "deprecated": false,
              "enum": [
                "one",
                "all",
                "following"
              ]
            },
            {
              "paramType": "form",
              "name": "calendar_event[blackout_date]",
              "description": "If the blackout_date is true, this event represents a holiday or some\nother special day that does not count in course pacing.",
              "type": "boolean",
              "format": null,
              "required": false,
              "deprecated": false
            }
          ],
          "response_fields": [],
          "deprecated": false,
          "deprecation_description": "",
          "type": "void"
        }
      ]
    },
    {
      "path": "/v1/calendar_events/{id}",
      "description": "Delete an event from the calendar and return the deleted event",
      "operations": [
        {
          "method": "DELETE",
          "summary": "Delete a calendar event",
          "notes": "Delete an event from the calendar and return the deleted event",
          "nickname": "delete_calendar_event",
          "parameters": [
            {
              "paramType": "path",
              "name": "id",
              "description": "ID",
              "type": "string",
              "format": null,
              "required": true,
              "deprecated": false
            },
            {
              "paramType": "query",
              "name": "cancel_reason",
              "description": "Reason for deleting/canceling the event.",
              "type": "string",
              "format": null,
              "required": false,
              "deprecated": false
            },
            {
              "paramType": "query",
              "name": "which",
              "description": "Valid if the calendar_series feature is enabled and the\nevent whose ID is in the URL is part of a series.\nDelete just the event whose ID is in in the URL, all events\nin the series, or the given event and all those following.",
              "type": "string",
              "format": null,
              "required": false,
              "deprecated": false,
              "enum": [
                "one",
                "all",
                "following"
              ]
            }
          ],
          "response_fields": [],
          "deprecated": false,
          "deprecation_description": "",
          "type": "void"
        }
      ]
    },
    {
      "path": "/v1/calendar_events/save_enabled_account_calendars",
      "description": "Creates and updates the enabled_account_calendars and mark_feature_as_seen user preferences",
      "operations": [
        {
          "method": "POST",
          "summary": "Save enabled account calendars",
          "notes": "Creates and updates the enabled_account_calendars and mark_feature_as_seen user preferences",
          "nickname": "save_enabled_account_calendars",
          "parameters": [
            {
              "paramType": "form",
              "name": "mark_feature_as_seen",
              "description": "Flag to mark account calendars feature as seen",
              "type": "boolean",
              "format": null,
              "required": false,
              "deprecated": false
            },
            {
              "paramType": "form",
              "name": "enabled_account_calendars",
              "description": "An array of account Ids to remember in the calendars list of the user",
              "type": "array",
              "format": null,
              "required": false,
              "deprecated": false,
              "items": {
                "$ref": "Array"
              }
            }
          ],
          "response_fields": [],
          "deprecated": false,
          "deprecation_description": "",
          "type": "void"
        }
      ]
    },
    {
      "path": "/v1/courses/{course_id}/calendar_events/timetable",
      "description": "Creates and updates \"timetable\" events for a course.\nCan automaticaly generate a series of calendar events based on simple schedules\n(e.g. \"Monday and Wednesday at 2:00pm\" )\n\nExisting timetable events for the course and course sections\nwill be updated if they still are part of the timetable.\nOtherwise, they will be deleted.",
      "operations": [
        {
          "method": "POST",
          "summary": "Set a course timetable",
          "notes": "Creates and updates \"timetable\" events for a course.\nCan automaticaly generate a series of calendar events based on simple schedules\n(e.g. \"Monday and Wednesday at 2:00pm\" )\n\nExisting timetable events for the course and course sections\nwill be updated if they still are part of the timetable.\nOtherwise, they will be deleted.",
          "nickname": "set_course_timetable",
          "parameters": [
            {
              "paramType": "path",
              "name": "course_id",
              "description": "ID",
              "type": "string",
              "format": null,
              "required": true,
              "deprecated": false
            },
            {
              "paramType": "form",
              "name": "timetables[course_section_id]",
              "description": "An array of timetable objects for the course section specified by course_section_id.\nIf course_section_id is set to \"all\", events will be created for the entire course.",
              "type": "array",
              "format": null,
              "required": false,
              "deprecated": false,
              "items": {
                "$ref": "Array"
              }
            },
            {
              "paramType": "form",
              "name": "timetables[course_section_id][weekdays]",
              "description": "A comma-separated list of abbreviated weekdays\n(Mon-Monday, Tue-Tuesday, Wed-Wednesday, Thu-Thursday, Fri-Friday, Sat-Saturday, Sun-Sunday)",
              "type": "array",
              "format": null,
              "required": false,
              "deprecated": false,
              "items": {
                "type": "string"
              }
            },
            {
              "paramType": "form",
              "name": "timetables[course_section_id][start_time]",
              "description": "Time to start each event at (e.g. \"9:00 am\")",
              "type": "array",
              "format": null,
              "required": false,
              "deprecated": false,
              "items": {
                "type": "string"
              }
            },
            {
              "paramType": "form",
              "name": "timetables[course_section_id][end_time]",
              "description": "Time to end each event at (e.g. \"9:00 am\")",
              "type": "array",
              "format": null,
              "required": false,
              "deprecated": false,
              "items": {
                "type": "string"
              }
            },
            {
              "paramType": "form",
              "name": "timetables[course_section_id][location_name]",
              "description": "A location name to set for each event",
              "type": "array",
              "format": null,
              "required": false,
              "deprecated": false,
              "items": {
                "type": "string"
              }
            }
          ],
          "response_fields": [],
          "deprecated": false,
          "deprecation_description": "",
          "type": "void"
        }
      ]
    },
    {
      "path": "/v1/courses/{course_id}/calendar_events/timetable",
      "description": "Returns the last timetable set by the\n{api:CalendarEventsApiController#set_course_timetable Set a course timetable} endpoint",
      "operations": [
        {
          "method": "GET",
          "summary": "Get course timetable",
          "notes": "Returns the last timetable set by the\n{api:CalendarEventsApiController#set_course_timetable Set a course timetable} endpoint",
          "nickname": "get_course_timetable",
          "parameters": [
            {
              "paramType": "path",
              "name": "course_id",
              "description": "ID",
              "type": "string",
              "format": null,
              "required": true,
              "deprecated": false
            }
          ],
          "response_fields": [],
          "deprecated": false,
          "deprecation_description": "",
          "type": "void"
        }
      ]
    },
    {
      "path": "/v1/courses/{course_id}/calendar_events/timetable_events",
      "description": "Creates and updates \"timetable\" events for a course or course section.\nSimilar to {api:CalendarEventsApiController#set_course_timetable setting a course timetable},\nbut instead of generating a list of events based on a timetable schedule,\nthis endpoint expects a complete list of events.",
      "operations": [
        {
          "method": "POST",
          "summary": "Create or update events directly for a course timetable",
          "notes": "Creates and updates \"timetable\" events for a course or course section.\nSimilar to {api:CalendarEventsApiController#set_course_timetable setting a course timetable},\nbut instead of generating a list of events based on a timetable schedule,\nthis endpoint expects a complete list of events.",
          "nickname": "create_or_update_events_directly_for_course_timetable",
          "parameters": [
            {
              "paramType": "path",
              "name": "course_id",
              "description": "ID",
              "type": "string",
              "format": null,
              "required": true,
              "deprecated": false
            },
            {
              "paramType": "form",
              "name": "course_section_id",
              "description": "Events will be created for the course section specified by course_section_id.\nIf not present, events will be created for the entire course.",
              "type": "string",
              "format": null,
              "required": false,
              "deprecated": false
            },
            {
              "paramType": "form",
              "name": "events",
              "description": "An array of event objects to use.",
              "type": "array",
              "format": null,
              "required": false,
              "deprecated": false,
              "items": {
                "$ref": "Array"
              }
            },
            {
              "paramType": "form",
              "name": "events[start_at]",
              "description": "Start time for the event",
              "type": "array",
              "format": null,
              "required": false,
              "deprecated": false,
              "items": {
                "$ref": "DateTime"
              }
            },
            {
              "paramType": "form",
              "name": "events[end_at]",
              "description": "End time for the event",
              "type": "array",
              "format": null,
              "required": false,
              "deprecated": false,
              "items": {
                "$ref": "DateTime"
              }
            },
            {
              "paramType": "form",
              "name": "events[location_name]",
              "description": "Location name for the event",
              "type": "array",
              "format": null,
              "required": false,
              "deprecated": false,
              "items": {
                "type": "string"
              }
            },
            {
              "paramType": "form",
              "name": "events[code]",
              "description": "A unique identifier that can be used to update the event at a later time\nIf one is not specified, an identifier will be generated based on the start and end times",
              "type": "array",
              "format": null,
              "required": false,
              "deprecated": false,
              "items": {
                "type": "string"
              }
            },
            {
              "paramType": "form",
              "name": "events[title]",
              "description": "Title for the meeting. If not present, will default to the associated course's name",
              "type": "array",
              "format": null,
              "required": false,
              "deprecated": false,
              "items": {
                "type": "string"
              }
            }
          ],
          "response_fields": [],
          "deprecated": false,
          "deprecation_description": "",
          "type": "void"
        }
      ]
    }
  ],
  "models": {
    "CalendarEvent": {
      "id": "CalendarEvent",
      "description": "",
      "required": [],
      "deprecated": false,
      "deprecation_description": null,
      "properties": {
        "id": {
          "description": "The ID of the calendar event",
          "example": 234,
          "type": "integer"
        },
        "title": {
          "description": "The title of the calendar event",
          "example": "Paintball Fight!",
          "type": "string"
        },
        "start_at": {
          "description": "The start timestamp of the event",
          "example": "2012-07-19T15:00:00-06:00",
          "type": "datetime"
        },
        "end_at": {
          "description": "The end timestamp of the event",
          "example": "2012-07-19T16:00:00-06:00",
          "type": "datetime"
        },
        "description": {
          "description": "The HTML description of the event",
          "example": "<b>It's that time again!</b>",
          "type": "string"
        },
        "location_name": {
          "description": "The location name of the event",
          "example": "Greendale Community College",
          "type": "string"
        },
        "location_address": {
          "description": "The address where the event is taking place",
          "example": "Greendale, Colorado",
          "type": "string"
        },
        "context_code": {
          "description": "the context code of the calendar this event belongs to (course, user or group)",
          "example": "course_123",
          "type": "string"
        },
        "effective_context_code": {
          "description": "if specified, it indicates which calendar this event should be displayed on. for example, a section-level event would have the course's context code here, while the section's context code would be returned above)",
          "type": "string"
        },
        "context_name": {
          "description": "the context name of the calendar this event belongs to (course, user or group)",
          "example": "Chemistry 101",
          "type": "string"
        },
        "all_context_codes": {
          "description": "a comma-separated list of all calendar contexts this event is part of",
          "example": "course_123,course_456",
          "type": "string"
        },
        "workflow_state": {
          "description": "Current state of the event ('active', 'locked' or 'deleted') 'locked' indicates that start_at/end_at cannot be changed (though the event could be deleted). Normally only reservations or time slots with reservations are locked (see the Appointment Groups API)",
          "example": "active",
          "type": "string"
        },
        "hidden": {
          "description": "Whether this event should be displayed on the calendar. Only true for course-level events with section-level child events.",
          "example": false,
          "type": "boolean"
        },
        "parent_event_id": {
          "description": "Normally null. If this is a reservation (see the Appointment Groups API), the id will indicate the time slot it is for. If this is a section-level event, this will be the course-level parent event.",
          "type": "integer"
        },
        "child_events_count": {
          "description": "The number of child_events. See child_events (and parent_event_id)",
          "example": 0,
          "type": "integer"
        },
        "child_events": {
          "description": "Included by default, but may be excluded (see include[] option). If this is a time slot (see the Appointment Groups API) this will be a list of any reservations. If this is a course-level event, this will be a list of section-level events (if any)",
          "type": "array",
          "items": {
            "type": "integer"
          }
        },
        "url": {
          "description": "URL for this calendar event (to update, delete, etc.)",
          "example": "https://example.com/api/v1/calendar_events/234",
          "type": "string"
        },
        "html_url": {
          "description": "URL for a user to view this event",
          "example": "https://example.com/calendar?event_id=234&include_contexts=course_123",
          "type": "string"
        },
        "all_day_date": {
          "description": "The date of this event",
          "example": "2012-07-19",
          "type": "datetime"
        },
        "all_day": {
          "description": "Boolean indicating whether this is an all-day event (midnight to midnight)",
          "example": false,
          "type": "boolean"
        },
        "created_at": {
          "description": "When the calendar event was created",
          "example": "2012-07-12T10:55:20-06:00",
          "type": "datetime"
        },
        "updated_at": {
          "description": "When the calendar event was last updated",
          "example": "2012-07-12T10:55:20-06:00",
          "type": "datetime"
        },
        "appointment_group_id": {
          "description": "Various Appointment-Group-related fields.These fields are only pertinent to time slots (appointments) and reservations of those time slots. See the Appointment Groups API. The id of the appointment group",
          "type": "integer"
        },
        "appointment_group_url": {
          "description": "The API URL of the appointment group",
          "type": "string"
        },
        "own_reservation": {
          "description": "If the event is a reservation, this a boolean indicating whether it is the current user's reservation, or someone else's",
          "example": false,
          "type": "boolean"
        },
        "reserve_url": {
          "description": "If the event is a time slot, the API URL for reserving it",
          "type": "string"
        },
        "reserved": {
          "description": "If the event is a time slot, a boolean indicating whether the user has already made a reservation for it",
          "example": false,
          "type": "boolean"
        },
        "participant_type": {
          "description": "The type of participant to sign up for a slot: 'User' or 'Group'",
          "example": "User",
          "type": "string"
        },
        "participants_per_appointment": {
          "description": "If the event is a time slot, this is the participant limit",
          "type": "integer"
        },
        "available_slots": {
          "description": "If the event is a time slot and it has a participant limit, an integer indicating how many slots are available",
          "type": "integer"
        },
        "user": {
          "description": "If the event is a user-level reservation, this will contain the user participant JSON (refer to the Users API).",
          "type": "string"
        },
        "group": {
          "description": "If the event is a group-level reservation, this will contain the group participant JSON (refer to the Groups API).",
          "type": "string"
        },
        "important_dates": {
          "description": "Boolean indicating whether this has important dates.",
          "example": true,
          "type": "boolean"
        },
        "series_uuid": {
          "description": "Identifies the recurring event series this event may belong to",
          "type": "uuid"
        },
        "rrule": {
          "description": "An iCalendar RRULE for defining how events in a recurring event series repeat.",
          "type": "string"
        },
        "series_natural_language": {
          "description": "A natural language expression of how events occur in the series. (e.g. Daily, 2 times)",
          "type": "string"
        },
        "blackout_date": {
          "description": "Boolean indicating whether this has blackout date.",
          "example": true,
          "type": "boolean"
        }
      }
    },
    "AssignmentEvent": {
      "id": "AssignmentEvent",
      "description": "",
      "required": [],
      "deprecated": false,
      "deprecation_description": null,
      "properties": {
        "id": {
          "description": "A synthetic ID for the assignment",
          "example": "assignment_987",
          "type": "string"
        },
        "title": {
          "description": "The title of the assignment",
          "example": "Essay",
          "type": "string"
        },
        "start_at": {
          "description": "The due_at timestamp of the assignment",
          "example": "2012-07-19T23:59:00-06:00",
          "type": "datetime"
        },
        "end_at": {
          "description": "The due_at timestamp of the assignment",
          "example": "2012-07-19T23:59:00-06:00",
          "type": "datetime"
        },
        "description": {
          "description": "The HTML description of the assignment",
          "example": "<b>Write an essay. Whatever you want.</b>",
          "type": "string"
        },
        "context_code": {
          "description": "the context code of the (course) calendar this assignment belongs to",
          "example": "course_123",
          "type": "string"
        },
        "workflow_state": {
          "description": "Current state of the assignment ('published' or 'deleted')",
          "example": "published",
          "type": "string",
          "allowableValues": {
            "values": [
              "published",
              "deleted"
            ]
          }
        },
        "url": {
          "description": "URL for this assignment (note that updating/deleting should be done via the Assignments API)",
          "example": "https://example.com/api/v1/calendar_events/assignment_987",
          "type": "string"
        },
        "html_url": {
          "description": "URL for a user to view this assignment",
          "example": "http://example.com/courses/123/assignments/987",
          "type": "string"
        },
        "all_day_date": {
          "description": "The due date of this assignment",
          "example": "2012-07-19",
          "type": "datetime"
        },
        "all_day": {
          "description": "Boolean indicating whether this is an all-day event (e.g. assignment due at midnight)",
          "example": true,
          "type": "boolean"
        },
        "created_at": {
          "description": "When the assignment was created",
          "example": "2012-07-12T10:55:20-06:00",
          "type": "datetime"
        },
        "updated_at": {
          "description": "When the assignment was last updated",
          "example": "2012-07-12T10:55:20-06:00",
          "type": "datetime"
        },
        "assignment": {
          "description": "The full assignment JSON data (See the Assignments API)",
          "$ref": "Assignment"
        },
        "assignment_overrides": {
          "description": "The list of AssignmentOverrides that apply to this event (See the Assignments API). This information is useful for determining which students or sections this assignment-due event applies to.",
          "$ref": "AssignmentOverride"
        },
        "important_dates": {
          "description": "Boolean indicating whether this has important dates.",
          "example": true,
          "type": "boolean"
        }
      }
    }
  }
}
