{
  "apiVersion": "1.0",
  "swaggerVersion": "1.2",
  "basePath": "http://localhost:3000/api",
  "resourcePath": "/communication_channels",
  "produces": [
    "application/json"
  ],
  "apis": [
    {
      "path": "/v1/users/{user_id}/communication_channels",
      "description": "Returns a paginated list of communication channels for the specified user,\nsorted by position.",
      "operations": [
        {
          "method": "GET",
          "summary": "List user communication channels",
          "notes": "Returns a paginated list of communication channels for the specified user,\nsorted by position.",
          "nickname": "list_user_communication_channels",
          "parameters": [
            {
              "paramType": "path",
              "name": "user_id",
              "description": "ID",
              "type": "string",
              "format": null,
              "required": true,
              "deprecated": false
            }
          ],
          "response_fields": [],
          "deprecated": false,
          "deprecation_description": "",
          "type": "array",
          "items": {
            "$ref": "CommunicationChannel"
          }
        }
      ]
    },
    {
      "path": "/v1/users/{user_id}/communication_channels",
      "description": "Creates a new communication channel for the specified user.",
      "operations": [
        {
          "method": "POST",
          "summary": "Create a communication channel",
          "notes": "Creates a new communication channel for the specified user.",
          "nickname": "create_communication_channel",
          "parameters": [
            {
              "paramType": "path",
              "name": "user_id",
              "description": "ID",
              "type": "string",
              "format": null,
              "required": true,
              "deprecated": false
            },
            {
              "paramType": "form",
              "name": "communication_channel[address]",
              "description": "An email address or SMS number. Not required for \"push\" type channels.",
              "type": "string",
              "format": null,
              "required": true,
              "deprecated": false
            },
            {
              "paramType": "form",
              "name": "communication_channel[type]",
              "description": "The type of communication channel.\n\nIn order to enable push notification support, the server must be\nproperly configured (via `sns_creds` in Vault) to communicate with Amazon\nSimple Notification Services, and the developer key used to create\nthe access token from this request must have an SNS ARN configured on\nit.",
              "type": "string",
              "format": null,
              "required": true,
              "deprecated": false,
              "enum": [
                "email",
                "sms",
                "push"
              ]
            },
            {
              "paramType": "form",
              "name": "communication_channel[token]",
              "description": "A registration id, device token, or equivalent token given to an app when\nregistering with a push notification provider. Only valid for \"push\" type channels.",
              "type": "string",
              "format": null,
              "required": false,
              "deprecated": false
            },
            {
              "paramType": "form",
              "name": "skip_confirmation",
              "description": "Only valid for site admins and account admins making requests; If true, the channel is\nautomatically validated and no confirmation email or SMS is sent.\nOtherwise, the user must respond to a confirmation message to confirm the\nchannel.",
              "type": "boolean",
              "format": null,
              "required": false,
              "deprecated": false
            }
          ],
          "response_fields": [],
          "deprecated": false,
          "deprecation_description": "",
          "type": "CommunicationChannel"
        }
      ]
    },
    {
      "path": "/v1/users/{user_id}/communication_channels/{id}",
      "description": "Delete an existing communication channel.",
      "operations": [
        {
          "method": "DELETE",
          "summary": "Delete a communication channel",
          "notes": "Delete an existing communication channel.",
          "nickname": "delete_communication_channel_id",
          "parameters": [
            {
              "paramType": "path",
              "name": "user_id",
              "description": "ID",
              "type": "string",
              "format": null,
              "required": true,
              "deprecated": false
            },
            {
              "paramType": "path",
              "name": "id",
              "description": "ID",
              "type": "string",
              "format": null,
              "required": true,
              "deprecated": false
            }
          ],
          "response_fields": [],
          "deprecated": false,
          "deprecation_description": "",
          "type": "CommunicationChannel"
        }
      ]
    },
    {
      "path": "/v1/users/{user_id}/communication_channels/{type}/{address}",
      "description": "Delete an existing communication channel.",
      "operations": [
        {
          "method": "DELETE",
          "summary": "Delete a communication channel",
          "notes": "Delete an existing communication channel.",
          "nickname": "delete_communication_channel_type",
          "parameters": [
            {
              "paramType": "path",
              "name": "user_id",
              "description": "ID",
              "type": "string",
              "format": null,
              "required": true,
              "deprecated": false
            },
            {
              "paramType": "path",
              "name": "type",
              "description": "ID",
              "type": "string",
              "format": null,
              "required": true,
              "deprecated": false
            },
            {
              "paramType": "path",
              "name": "address",
              "description": "ID",
              "type": "string",
              "format": null,
              "required": true,
              "deprecated": false
            }
          ],
          "response_fields": [],
          "deprecated": false,
          "deprecation_description": "",
          "type": "CommunicationChannel"
        }
      ]
    },
    {
      "path": "/v1/users/self/communication_channels/push",
      "description": "",
      "operations": [
        {
          "method": "DELETE",
          "summary": "Delete a push notification endpoint",
          "notes": "",
          "nickname": "delete_push_notification_endpoint",
          "parameters": [],
          "response_fields": [],
          "deprecated": false,
          "deprecation_description": "",
          "type": "{success: true}"
        }
      ]
    }
  ],
  "models": {
    "CommunicationChannel": {
      "id": "CommunicationChannel",
      "description": "",
      "required": [],
      "deprecated": false,
      "deprecation_description": null,
      "properties": {
        "id": {
          "description": "The ID of the communication channel.",
          "example": 16,
          "type": "integer"
        },
        "address": {
          "description": "The address, or path, of the communication channel.",
          "example": "sheldon@caltech.example.com",
          "type": "string"
        },
        "type": {
          "description": "The type of communcation channel being described. Possible values are: 'email', 'push', 'sms', or 'twitter'. This field determines the type of value seen in 'address'.",
          "example": "email",
          "type": "string",
          "allowableValues": {
            "values": [
              "email",
              "push",
              "sms",
              "twitter"
            ]
          }
        },
        "position": {
          "description": "The position of this communication channel relative to the user's other channels when they are ordered.",
          "example": 1,
          "type": "integer"
        },
        "user_id": {
          "description": "The ID of the user that owns this communication channel.",
          "example": 1,
          "type": "integer"
        },
        "workflow_state": {
          "description": "The current state of the communication channel. Possible values are: 'unconfirmed' or 'active'.",
          "example": "active",
          "type": "string",
          "allowableValues": {
            "values": [
              "unconfirmed",
              "active"
            ]
          }
        }
      }
    }
  }
}
