{
  "apiVersion": "1.0",
  "swaggerVersion": "1.2",
  "basePath": "http://localhost:3000/api",
  "resourcePath": "/content_exports",
  "produces": [
    "application/json"
  ],
  "apis": [
    {
      "path": "/v1/courses/{course_id}/content_exports",
      "description": "A paginated list of the past and pending content export jobs for a course,\ngroup, or user. Exports are returned newest first.",
      "operations": [
        {
          "method": "GET",
          "summary": "List content exports",
          "notes": "A paginated list of the past and pending content export jobs for a course,\ngroup, or user. Exports are returned newest first.",
          "nickname": "list_content_exports_courses",
          "parameters": [
            {
              "paramType": "path",
              "name": "course_id",
              "description": "ID",
              "type": "string",
              "format": null,
              "required": true,
              "deprecated": false
            }
          ],
          "response_fields": [],
          "deprecated": false,
          "deprecation_description": "",
          "type": "array",
          "items": {
            "$ref": "ContentExport"
          }
        }
      ]
    },
    {
      "path": "/v1/groups/{group_id}/content_exports",
      "description": "A paginated list of the past and pending content export jobs for a course,\ngroup, or user. Exports are returned newest first.",
      "operations": [
        {
          "method": "GET",
          "summary": "List content exports",
          "notes": "A paginated list of the past and pending content export jobs for a course,\ngroup, or user. Exports are returned newest first.",
          "nickname": "list_content_exports_groups",
          "parameters": [
            {
              "paramType": "path",
              "name": "group_id",
              "description": "ID",
              "type": "string",
              "format": null,
              "required": true,
              "deprecated": false
            }
          ],
          "response_fields": [],
          "deprecated": false,
          "deprecation_description": "",
          "type": "array",
          "items": {
            "$ref": "ContentExport"
          }
        }
      ]
    },
    {
      "path": "/v1/users/{user_id}/content_exports",
      "description": "A paginated list of the past and pending content export jobs for a course,\ngroup, or user. Exports are returned newest first.",
      "operations": [
        {
          "method": "GET",
          "summary": "List content exports",
          "notes": "A paginated list of the past and pending content export jobs for a course,\ngroup, or user. Exports are returned newest first.",
          "nickname": "list_content_exports_users",
          "parameters": [
            {
              "paramType": "path",
              "name": "user_id",
              "description": "ID",
              "type": "string",
              "format": null,
              "required": true,
              "deprecated": false
            }
          ],
          "response_fields": [],
          "deprecated": false,
          "deprecation_description": "",
          "type": "array",
          "items": {
            "$ref": "ContentExport"
          }
        }
      ]
    },
    {
      "path": "/v1/courses/{course_id}/content_exports/{id}",
      "description": "Get information about a single content export.",
      "operations": [
        {
          "method": "GET",
          "summary": "Show content export",
          "notes": "Get information about a single content export.",
          "nickname": "show_content_export_courses",
          "parameters": [
            {
              "paramType": "path",
              "name": "course_id",
              "description": "ID",
              "type": "string",
              "format": null,
              "required": true,
              "deprecated": false
            },
            {
              "paramType": "path",
              "name": "id",
              "description": "ID",
              "type": "string",
              "format": null,
              "required": true,
              "deprecated": false
            }
          ],
          "response_fields": [],
          "deprecated": false,
          "deprecation_description": "",
          "type": "ContentExport"
        }
      ]
    },
    {
      "path": "/v1/groups/{group_id}/content_exports/{id}",
      "description": "Get information about a single content export.",
      "operations": [
        {
          "method": "GET",
          "summary": "Show content export",
          "notes": "Get information about a single content export.",
          "nickname": "show_content_export_groups",
          "parameters": [
            {
              "paramType": "path",
              "name": "group_id",
              "description": "ID",
              "type": "string",
              "format": null,
              "required": true,
              "deprecated": false
            },
            {
              "paramType": "path",
              "name": "id",
              "description": "ID",
              "type": "string",
              "format": null,
              "required": true,
              "deprecated": false
            }
          ],
          "response_fields": [],
          "deprecated": false,
          "deprecation_description": "",
          "type": "ContentExport"
        }
      ]
    },
    {
      "path": "/v1/users/{user_id}/content_exports/{id}",
      "description": "Get information about a single content export.",
      "operations": [
        {
          "method": "GET",
          "summary": "Show content export",
          "notes": "Get information about a single content export.",
          "nickname": "show_content_export_users",
          "parameters": [
            {
              "paramType": "path",
              "name": "user_id",
              "description": "ID",
              "type": "string",
              "format": null,
              "required": true,
              "deprecated": false
            },
            {
              "paramType": "path",
              "name": "id",
              "description": "ID",
              "type": "string",
              "format": null,
              "required": true,
              "deprecated": false
            }
          ],
          "response_fields": [],
          "deprecated": false,
          "deprecation_description": "",
          "type": "ContentExport"
        }
      ]
    },
    {
      "path": "/v1/courses/{course_id}/content_exports",
      "description": "Begin a content export job for a course, group, or user.\n\nYou can use the {api:ProgressController#show Progress API} to track the\nprogress of the export. The migration's progress is linked to with the\n_progress_url_ value.\n\nWhen the export completes, use the {api:ContentExportsApiController#show Show content export} endpoint\nto retrieve a download URL for the exported content.",
      "operations": [
        {
          "method": "POST",
          "summary": "Export content",
          "notes": "Begin a content export job for a course, group, or user.\n\nYou can use the {api:ProgressController#show Progress API} to track the\nprogress of the export. The migration's progress is linked to with the\n_progress_url_ value.\n\nWhen the export completes, use the {api:ContentExportsApiController#show Show content export} endpoint\nto retrieve a download URL for the exported content.",
          "nickname": "export_content_courses",
          "parameters": [
            {
              "paramType": "path",
              "name": "course_id",
              "description": "ID",
              "type": "string",
              "format": null,
              "required": true,
              "deprecated": false
            },
            {
              "paramType": "form",
              "name": "export_type",
              "description": "\"common_cartridge\":: Export the contents of the course in the Common Cartridge (.imscc) format\n\"qti\":: Export quizzes from a course in the QTI format\n\"zip\":: Export files from a course, group, or user in a zip file",
              "type": "string",
              "format": null,
              "required": true,
              "deprecated": false,
              "enum": [
                "common_cartridge",
                "qti",
                "zip"
              ]
            },
            {
              "paramType": "form",
              "name": "skip_notifications",
              "description": "Don't send the notifications about the export to the user. Default: false",
              "type": "boolean",
              "format": null,
              "required": false,
              "deprecated": false
            },
            {
              "paramType": "form",
              "name": "select",
              "description": "The select parameter allows exporting specific data. The keys are object types like 'files',\n'folders', 'pages', etc. The value for each key is a list of object ids. An id can be an\ninteger or a string.\n\nMultiple object types can be selected in the same call. However, not all object types are\nvalid for every export_type. Common Cartridge supports all object types. Zip and QTI only\nsupport the object types as described below.\n\n\"folders\":: Also supported for zip export_type.\n\"files\":: Also supported for zip export_type.\n\"quizzes\":: Also supported for qti export_type.",
              "type": "Hash",
              "format": null,
              "required": false,
              "deprecated": false,
              "enum": [
                "folders",
                "files",
                "attachments",
                "quizzes",
                "assignments",
                "announcements",
                "calendar_events",
                "discussion_topics",
                "modules",
                "module_items",
                "pages",
                "rubrics"
              ]
            }
          ],
          "response_fields": [],
          "deprecated": false,
          "deprecation_description": "",
          "type": "ContentExport"
        }
      ]
    },
    {
      "path": "/v1/groups/{group_id}/content_exports",
      "description": "Begin a content export job for a course, group, or user.\n\nYou can use the {api:ProgressController#show Progress API} to track the\nprogress of the export. The migration's progress is linked to with the\n_progress_url_ value.\n\nWhen the export completes, use the {api:ContentExportsApiController#show Show content export} endpoint\nto retrieve a download URL for the exported content.",
      "operations": [
        {
          "method": "POST",
          "summary": "Export content",
          "notes": "Begin a content export job for a course, group, or user.\n\nYou can use the {api:ProgressController#show Progress API} to track the\nprogress of the export. The migration's progress is linked to with the\n_progress_url_ value.\n\nWhen the export completes, use the {api:ContentExportsApiController#show Show content export} endpoint\nto retrieve a download URL for the exported content.",
          "nickname": "export_content_groups",
          "parameters": [
            {
              "paramType": "path",
              "name": "group_id",
              "description": "ID",
              "type": "string",
              "format": null,
              "required": true,
              "deprecated": false
            },
            {
              "paramType": "form",
              "name": "export_type",
              "description": "\"common_cartridge\":: Export the contents of the course in the Common Cartridge (.imscc) format\n\"qti\":: Export quizzes from a course in the QTI format\n\"zip\":: Export files from a course, group, or user in a zip file",
              "type": "string",
              "format": null,
              "required": true,
              "deprecated": false,
              "enum": [
                "common_cartridge",
                "qti",
                "zip"
              ]
            },
            {
              "paramType": "form",
              "name": "skip_notifications",
              "description": "Don't send the notifications about the export to the user. Default: false",
              "type": "boolean",
              "format": null,
              "required": false,
              "deprecated": false
            },
            {
              "paramType": "form",
              "name": "select",
              "description": "The select parameter allows exporting specific data. The keys are object types like 'files',\n'folders', 'pages', etc. The value for each key is a list of object ids. An id can be an\ninteger or a string.\n\nMultiple object types can be selected in the same call. However, not all object types are\nvalid for every export_type. Common Cartridge supports all object types. Zip and QTI only\nsupport the object types as described below.\n\n\"folders\":: Also supported for zip export_type.\n\"files\":: Also supported for zip export_type.\n\"quizzes\":: Also supported for qti export_type.",
              "type": "Hash",
              "format": null,
              "required": false,
              "deprecated": false,
              "enum": [
                "folders",
                "files",
                "attachments",
                "quizzes",
                "assignments",
                "announcements",
                "calendar_events",
                "discussion_topics",
                "modules",
                "module_items",
                "pages",
                "rubrics"
              ]
            }
          ],
          "response_fields": [],
          "deprecated": false,
          "deprecation_description": "",
          "type": "ContentExport"
        }
      ]
    },
    {
      "path": "/v1/users/{user_id}/content_exports",
      "description": "Begin a content export job for a course, group, or user.\n\nYou can use the {api:ProgressController#show Progress API} to track the\nprogress of the export. The migration's progress is linked to with the\n_progress_url_ value.\n\nWhen the export completes, use the {api:ContentExportsApiController#show Show content export} endpoint\nto retrieve a download URL for the exported content.",
      "operations": [
        {
          "method": "POST",
          "summary": "Export content",
          "notes": "Begin a content export job for a course, group, or user.\n\nYou can use the {api:ProgressController#show Progress API} to track the\nprogress of the export. The migration's progress is linked to with the\n_progress_url_ value.\n\nWhen the export completes, use the {api:ContentExportsApiController#show Show content export} endpoint\nto retrieve a download URL for the exported content.",
          "nickname": "export_content_users",
          "parameters": [
            {
              "paramType": "path",
              "name": "user_id",
              "description": "ID",
              "type": "string",
              "format": null,
              "required": true,
              "deprecated": false
            },
            {
              "paramType": "form",
              "name": "export_type",
              "description": "\"common_cartridge\":: Export the contents of the course in the Common Cartridge (.imscc) format\n\"qti\":: Export quizzes from a course in the QTI format\n\"zip\":: Export files from a course, group, or user in a zip file",
              "type": "string",
              "format": null,
              "required": true,
              "deprecated": false,
              "enum": [
                "common_cartridge",
                "qti",
                "zip"
              ]
            },
            {
              "paramType": "form",
              "name": "skip_notifications",
              "description": "Don't send the notifications about the export to the user. Default: false",
              "type": "boolean",
              "format": null,
              "required": false,
              "deprecated": false
            },
            {
              "paramType": "form",
              "name": "select",
              "description": "The select parameter allows exporting specific data. The keys are object types like 'files',\n'folders', 'pages', etc. The value for each key is a list of object ids. An id can be an\ninteger or a string.\n\nMultiple object types can be selected in the same call. However, not all object types are\nvalid for every export_type. Common Cartridge supports all object types. Zip and QTI only\nsupport the object types as described below.\n\n\"folders\":: Also supported for zip export_type.\n\"files\":: Also supported for zip export_type.\n\"quizzes\":: Also supported for qti export_type.",
              "type": "Hash",
              "format": null,
              "required": false,
              "deprecated": false,
              "enum": [
                "folders",
                "files",
                "attachments",
                "quizzes",
                "assignments",
                "announcements",
                "calendar_events",
                "discussion_topics",
                "modules",
                "module_items",
                "pages",
                "rubrics"
              ]
            }
          ],
          "response_fields": [],
          "deprecated": false,
          "deprecation_description": "",
          "type": "ContentExport"
        }
      ]
    }
  ],
  "models": {
    "ContentExport": {
      "id": "ContentExport",
      "description": "",
      "required": [],
      "deprecated": false,
      "deprecation_description": null,
      "properties": {
        "id": {
          "description": "the unique identifier for the export",
          "example": 101,
          "type": "integer"
        },
        "created_at": {
          "description": "the date and time this export was requested",
          "example": "2014-01-01T00:00:00Z",
          "type": "datetime"
        },
        "export_type": {
          "description": "the type of content migration: 'common_cartridge' or 'qti'",
          "example": "common_cartridge",
          "type": "string",
          "allowableValues": {
            "values": [
              "common_cartridge",
              "qti"
            ]
          }
        },
        "attachment": {
          "description": "attachment api object for the export package (not present before the export completes or after it becomes unavailable for download.)",
          "example": {
            "url": "https://example.com/api/v1/attachments/789?download_frd=1&verifier=bG9sY2F0cyEh"
          },
          "$ref": "File"
        },
        "progress_url": {
          "description": "The api endpoint for polling the current progress",
          "example": "https://example.com/api/v1/progress/4",
          "type": "string"
        },
        "user_id": {
          "description": "The ID of the user who started the export",
          "example": 4,
          "type": "integer"
        },
        "workflow_state": {
          "description": "Current state of the content migration: created exporting exported failed",
          "example": "exported",
          "type": "string",
          "allowableValues": {
            "values": [
              "created",
              "exporting",
              "exported",
              "failed"
            ]
          }
        }
      }
    }
  }
}
