{
  "apiVersion": "1.0",
  "swaggerVersion": "1.2",
  "basePath": "http://localhost:3000/api",
  "resourcePath": "/content_security_policy_settings",
  "produces": [
    "application/json"
  ],
  "apis": [
    {
      "path": "/v1/courses/{course_id}/csp_settings",
      "description": "Update multiple modules in an account.",
      "operations": [
        {
          "method": "GET",
          "summary": "Get current settings for account or course",
          "notes": "Update multiple modules in an account.",
          "nickname": "get_current_settings_for_account_or_course_courses",
          "parameters": [
            {
              "paramType": "path",
              "name": "course_id",
              "description": "ID",
              "type": "string",
              "format": null,
              "required": true,
              "deprecated": false
            }
          ],
          "response_fields": [
            {
              "name": "enabled",
              "description": "Whether CSP is enabled.",
              "deprecated": false
            },
            {
              "name": "inherited",
              "description": "Whether the current CSP settings are inherited from a parent account.",
              "deprecated": false
            },
            {
              "name": "settings_locked",
              "description": "Whether current CSP settings can be overridden by sub-accounts and courses.",
              "deprecated": false
            },
            {
              "name": "effective_whitelist",
              "description": "If enabled, lists the currently allowed domains\n(includes domains automatically allowed through external tools).",
              "deprecated": false
            },
            {
              "name": "tools_whitelist",
              "description": "(Account-only) Lists the automatically allowed domains with\ntheir respective external tools",
              "deprecated": false
            },
            {
              "name": "current_account_whitelist",
              "description": "(Account-only) Lists the current list of domains\nexplicitly allowed by this account. (Note: this list will not take effect unless\nCSP is explicitly enabled on this account)",
              "deprecated": false
            }
          ],
          "deprecated": false,
          "deprecation_description": "",
          "type": "void"
        }
      ]
    },
    {
      "path": "/v1/accounts/{account_id}/csp_settings",
      "description": "Update multiple modules in an account.",
      "operations": [
        {
          "method": "GET",
          "summary": "Get current settings for account or course",
          "notes": "Update multiple modules in an account.",
          "nickname": "get_current_settings_for_account_or_course_accounts",
          "parameters": [
            {
              "paramType": "path",
              "name": "account_id",
              "description": "ID",
              "type": "string",
              "format": null,
              "required": true,
              "deprecated": false
            }
          ],
          "response_fields": [
            {
              "name": "enabled",
              "description": "Whether CSP is enabled.",
              "deprecated": false
            },
            {
              "name": "inherited",
              "description": "Whether the current CSP settings are inherited from a parent account.",
              "deprecated": false
            },
            {
              "name": "settings_locked",
              "description": "Whether current CSP settings can be overridden by sub-accounts and courses.",
              "deprecated": false
            },
            {
              "name": "effective_whitelist",
              "description": "If enabled, lists the currently allowed domains\n(includes domains automatically allowed through external tools).",
              "deprecated": false
            },
            {
              "name": "tools_whitelist",
              "description": "(Account-only) Lists the automatically allowed domains with\ntheir respective external tools",
              "deprecated": false
            },
            {
              "name": "current_account_whitelist",
              "description": "(Account-only) Lists the current list of domains\nexplicitly allowed by this account. (Note: this list will not take effect unless\nCSP is explicitly enabled on this account)",
              "deprecated": false
            }
          ],
          "deprecated": false,
          "deprecation_description": "",
          "type": "void"
        }
      ]
    },
    {
      "path": "/v1/courses/{course_id}/csp_settings",
      "description": "Either explicitly sets CSP to be on or off for courses and sub-accounts,\nor clear the explicit settings to default to those set by a parent account\n\nNote: If \"inherited\" and \"settings_locked\" are both true for this account or course,\nthen the CSP setting cannot be modified.",
      "operations": [
        {
          "method": "PUT",
          "summary": "Enable, disable, or clear explicit CSP setting",
          "notes": "Either explicitly sets CSP to be on or off for courses and sub-accounts,\nor clear the explicit settings to default to those set by a parent account\n\nNote: If \"inherited\" and \"settings_locked\" are both true for this account or course,\nthen the CSP setting cannot be modified.",
          "nickname": "enable_disable_or_clear_explicit_csp_setting_courses",
          "parameters": [
            {
              "paramType": "path",
              "name": "course_id",
              "description": "ID",
              "type": "string",
              "format": null,
              "required": true,
              "deprecated": false
            },
            {
              "paramType": "form",
              "name": "status",
              "description": "If set to \"enabled\" for an account, CSP will be enabled for all its courses and sub-accounts (that\nhave not explicitly enabled or disabled it), using the allowed domains set on this account.\nIf set to \"disabled\", CSP will be disabled for this account or course and for all sub-accounts\nthat have not explicitly re-enabled it.\nIf set to \"inherited\", this account or course will reset to the default state where CSP settings\nare inherited from the first parent account to have them explicitly set.",
              "type": "string",
              "format": null,
              "required": true,
              "deprecated": false,
              "enum": [
                "enabled",
                "disabled",
                "inherited"
              ]
            }
          ],
          "response_fields": [],
          "deprecated": false,
          "deprecation_description": "",
          "type": "void"
        }
      ]
    },
    {
      "path": "/v1/accounts/{account_id}/csp_settings",
      "description": "Either explicitly sets CSP to be on or off for courses and sub-accounts,\nor clear the explicit settings to default to those set by a parent account\n\nNote: If \"inherited\" and \"settings_locked\" are both true for this account or course,\nthen the CSP setting cannot be modified.",
      "operations": [
        {
          "method": "PUT",
          "summary": "Enable, disable, or clear explicit CSP setting",
          "notes": "Either explicitly sets CSP to be on or off for courses and sub-accounts,\nor clear the explicit settings to default to those set by a parent account\n\nNote: If \"inherited\" and \"settings_locked\" are both true for this account or course,\nthen the CSP setting cannot be modified.",
          "nickname": "enable_disable_or_clear_explicit_csp_setting_accounts",
          "parameters": [
            {
              "paramType": "path",
              "name": "account_id",
              "description": "ID",
              "type": "string",
              "format": null,
              "required": true,
              "deprecated": false
            },
            {
              "paramType": "form",
              "name": "status",
              "description": "If set to \"enabled\" for an account, CSP will be enabled for all its courses and sub-accounts (that\nhave not explicitly enabled or disabled it), using the allowed domains set on this account.\nIf set to \"disabled\", CSP will be disabled for this account or course and for all sub-accounts\nthat have not explicitly re-enabled it.\nIf set to \"inherited\", this account or course will reset to the default state where CSP settings\nare inherited from the first parent account to have them explicitly set.",
              "type": "string",
              "format": null,
              "required": true,
              "deprecated": false,
              "enum": [
                "enabled",
                "disabled",
                "inherited"
              ]
            }
          ],
          "response_fields": [],
          "deprecated": false,
          "deprecation_description": "",
          "type": "void"
        }
      ]
    },
    {
      "path": "/v1/accounts/{account_id}/csp_settings/lock",
      "description": "Can only be set if CSP is explicitly enabled or disabled on this account (i.e. \"inherited\" is false).",
      "operations": [
        {
          "method": "PUT",
          "summary": "Lock or unlock current CSP settings for sub-accounts and courses",
          "notes": "Can only be set if CSP is explicitly enabled or disabled on this account (i.e. \"inherited\" is false).",
          "nickname": "lock_or_unlock_current_csp_settings_for_sub_accounts_and_courses",
          "parameters": [
            {
              "paramType": "path",
              "name": "account_id",
              "description": "ID",
              "type": "string",
              "format": null,
              "required": true,
              "deprecated": false
            },
            {
              "paramType": "form",
              "name": "settings_locked",
              "description": "Whether sub-accounts and courses will be prevented from overriding settings inherited from this account.",
              "type": "boolean",
              "format": null,
              "required": true,
              "deprecated": false
            }
          ],
          "response_fields": [],
          "deprecated": false,
          "deprecation_description": "",
          "type": "void"
        }
      ]
    },
    {
      "path": "/v1/accounts/{account_id}/csp_settings/domains",
      "description": "Adds an allowed domain for the current account. Note: this will not take effect\nunless CSP is explicitly enabled on this account.",
      "operations": [
        {
          "method": "POST",
          "summary": "Add an allowed domain to account",
          "notes": "Adds an allowed domain for the current account. Note: this will not take effect\nunless CSP is explicitly enabled on this account.",
          "nickname": "add_allowed_domain_to_account",
          "parameters": [
            {
              "paramType": "path",
              "name": "account_id",
              "description": "ID",
              "type": "string",
              "format": null,
              "required": true,
              "deprecated": false
            },
            {
              "paramType": "form",
              "name": "domain",
              "description": "no description",
              "type": "string",
              "format": null,
              "required": true,
              "deprecated": false
            }
          ],
          "response_fields": [],
          "deprecated": false,
          "deprecation_description": "",
          "type": "void"
        }
      ]
    },
    {
      "path": "/v1/accounts/{account_id}/csp_settings/domains/batch_create",
      "description": "Adds multiple allowed domains for the current account. Note: this will not take effect\nunless CSP is explicitly enabled on this account.",
      "operations": [
        {
          "method": "POST",
          "summary": "Add multiple allowed domains to an account",
          "notes": "Adds multiple allowed domains for the current account. Note: this will not take effect\nunless CSP is explicitly enabled on this account.",
          "nickname": "add_multiple_allowed_domains_to_account",
          "parameters": [
            {
              "paramType": "path",
              "name": "account_id",
              "description": "ID",
              "type": "string",
              "format": null,
              "required": true,
              "deprecated": false
            },
            {
              "paramType": "form",
              "name": "domains",
              "description": "no description",
              "type": "Array",
              "format": null,
              "required": true,
              "deprecated": false
            }
          ],
          "response_fields": [],
          "deprecated": false,
          "deprecation_description": "",
          "type": "void"
        }
      ]
    },
    {
      "path": "/v1/accounts/{account_id}/csp_log",
      "description": "Must be called on a root account.",
      "operations": [
        {
          "method": "GET",
          "summary": "Retrieve reported CSP Violations for account",
          "notes": "Must be called on a root account.",
          "nickname": "retrieve_reported_csp_violations_for_account",
          "parameters": [
            {
              "paramType": "path",
              "name": "account_id",
              "description": "ID",
              "type": "string",
              "format": null,
              "required": true,
              "deprecated": false
            }
          ],
          "response_fields": [],
          "deprecated": false,
          "deprecation_description": "",
          "type": "void"
        }
      ]
    },
    {
      "path": "/v1/accounts/{account_id}/csp_settings/domains",
      "description": "Removes an allowed domain from the current account.",
      "operations": [
        {
          "method": "DELETE",
          "summary": "Remove a domain from account",
          "notes": "Removes an allowed domain from the current account.",
          "nickname": "remove_domain_from_account",
          "parameters": [
            {
              "paramType": "path",
              "name": "account_id",
              "description": "ID",
              "type": "string",
              "format": null,
              "required": true,
              "deprecated": false
            },
            {
              "paramType": "query",
              "name": "domain",
              "description": "no description",
              "type": "string",
              "format": null,
              "required": true,
              "deprecated": false
            }
          ],
          "response_fields": [],
          "deprecated": false,
          "deprecation_description": "",
          "type": "void"
        }
      ]
    }
  ],
  "models": {}
}
