{
  "apiVersion": "1.0",
  "swaggerVersion": "1.2",
  "basePath": "http://localhost:3000/api",
  "resourcePath": "/custom_gradebook_columns",
  "produces": [
    "application/json"
  ],
  "apis": [
    {
      "path": "/v1/courses/{course_id}/custom_gradebook_columns",
      "description": "A paginated list of all custom gradebook columns for a course",
      "operations": [
        {
          "method": "GET",
          "summary": "List custom gradebook columns",
          "notes": "A paginated list of all custom gradebook columns for a course",
          "nickname": "list_custom_gradebook_columns",
          "parameters": [
            {
              "paramType": "path",
              "name": "course_id",
              "description": "ID",
              "type": "string",
              "format": null,
              "required": true,
              "deprecated": false
            },
            {
              "paramType": "query",
              "name": "include_hidden",
              "description": "Include hidden parameters (defaults to false)",
              "type": "boolean",
              "format": null,
              "required": false,
              "deprecated": false
            }
          ],
          "response_fields": [],
          "deprecated": false,
          "deprecation_description": "",
          "type": "array",
          "items": {
            "$ref": "CustomColumn"
          }
        }
      ]
    },
    {
      "path": "/v1/courses/{course_id}/custom_gradebook_columns",
      "description": "Create a custom gradebook column",
      "operations": [
        {
          "method": "POST",
          "summary": "Create a custom gradebook column",
          "notes": "Create a custom gradebook column",
          "nickname": "create_custom_gradebook_column",
          "parameters": [
            {
              "paramType": "path",
              "name": "course_id",
              "description": "ID",
              "type": "string",
              "format": null,
              "required": true,
              "deprecated": false
            },
            {
              "paramType": "form",
              "name": "column[title]",
              "description": "no description",
              "type": "string",
              "format": null,
              "required": true,
              "deprecated": false
            },
            {
              "paramType": "form",
              "name": "column[position]",
              "description": "The position of the column relative to other custom columns",
              "type": "integer",
              "format": "int64",
              "required": false,
              "deprecated": false
            },
            {
              "paramType": "form",
              "name": "column[hidden]",
              "description": "Hidden columns are not displayed in the gradebook",
              "type": "boolean",
              "format": null,
              "required": false,
              "deprecated": false
            },
            {
              "paramType": "form",
              "name": "column[teacher_notes]",
              "description": "Set this if the column is created by a teacher.  The gradebook only\nsupports one teacher_notes column.",
              "type": "boolean",
              "format": null,
              "required": false,
              "deprecated": false
            },
            {
              "paramType": "form",
              "name": "column[read_only]",
              "description": "Set this to prevent the column from being editable in the gradebook ui",
              "type": "boolean",
              "format": null,
              "required": false,
              "deprecated": false
            }
          ],
          "response_fields": [],
          "deprecated": false,
          "deprecation_description": "",
          "type": "CustomColumn"
        }
      ]
    },
    {
      "path": "/v1/courses/{course_id}/custom_gradebook_columns/{id}",
      "description": "Accepts the same parameters as custom gradebook column creation",
      "operations": [
        {
          "method": "PUT",
          "summary": "Update a custom gradebook column",
          "notes": "Accepts the same parameters as custom gradebook column creation",
          "nickname": "update_custom_gradebook_column",
          "parameters": [
            {
              "paramType": "path",
              "name": "course_id",
              "description": "ID",
              "type": "string",
              "format": null,
              "required": true,
              "deprecated": false
            },
            {
              "paramType": "path",
              "name": "id",
              "description": "ID",
              "type": "string",
              "format": null,
              "required": true,
              "deprecated": false
            }
          ],
          "response_fields": [],
          "deprecated": false,
          "deprecation_description": "",
          "type": "CustomColumn"
        }
      ]
    },
    {
      "path": "/v1/courses/{course_id}/custom_gradebook_columns/{id}",
      "description": "Permanently deletes a custom column and its associated data",
      "operations": [
        {
          "method": "DELETE",
          "summary": "Delete a custom gradebook column",
          "notes": "Permanently deletes a custom column and its associated data",
          "nickname": "delete_custom_gradebook_column",
          "parameters": [
            {
              "paramType": "path",
              "name": "course_id",
              "description": "ID",
              "type": "string",
              "format": null,
              "required": true,
              "deprecated": false
            },
            {
              "paramType": "path",
              "name": "id",
              "description": "ID",
              "type": "string",
              "format": null,
              "required": true,
              "deprecated": false
            }
          ],
          "response_fields": [],
          "deprecated": false,
          "deprecation_description": "",
          "type": "CustomColumn"
        }
      ]
    },
    {
      "path": "/v1/courses/{course_id}/custom_gradebook_columns/reorder",
      "description": "Puts the given columns in the specified order\n\n<b>200 OK</b> is returned if successful",
      "operations": [
        {
          "method": "POST",
          "summary": "Reorder custom columns",
          "notes": "Puts the given columns in the specified order\n\n<b>200 OK</b> is returned if successful",
          "nickname": "reorder_custom_columns",
          "parameters": [
            {
              "paramType": "path",
              "name": "course_id",
              "description": "ID",
              "type": "string",
              "format": null,
              "required": true,
              "deprecated": false
            },
            {
              "paramType": "form",
              "name": "order",
              "description": "no description",
              "type": "array",
              "format": "int64",
              "required": true,
              "deprecated": false,
              "items": {
                "type": "integer"
              }
            }
          ],
          "response_fields": [],
          "deprecated": false,
          "deprecation_description": "",
          "type": "void"
        }
      ]
    },
    {
      "path": "/v1/courses/{course_id}/custom_gradebook_columns/{id}/data",
      "description": "This does not list entries for students without associated data.",
      "operations": [
        {
          "method": "GET",
          "summary": "List entries for a column",
          "notes": "This does not list entries for students without associated data.",
          "nickname": "list_entries_for_column",
          "parameters": [
            {
              "paramType": "path",
              "name": "course_id",
              "description": "ID",
              "type": "string",
              "format": null,
              "required": true,
              "deprecated": false
            },
            {
              "paramType": "path",
              "name": "id",
              "description": "ID",
              "type": "string",
              "format": null,
              "required": true,
              "deprecated": false
            },
            {
              "paramType": "query",
              "name": "include_hidden",
              "description": "If true, hidden columns will be included in the\nresult. If false or absent, only visible columns\nwill be returned.",
              "type": "boolean",
              "format": null,
              "required": false,
              "deprecated": false
            }
          ],
          "response_fields": [],
          "deprecated": false,
          "deprecation_description": "",
          "type": "array",
          "items": {
            "$ref": "ColumnDatum"
          }
        }
      ]
    },
    {
      "path": "/v1/courses/{course_id}/custom_gradebook_columns/{id}/data/{user_id}",
      "description": "Set the content of a custom column",
      "operations": [
        {
          "method": "PUT",
          "summary": "Update column data",
          "notes": "Set the content of a custom column",
          "nickname": "update_column_data",
          "parameters": [
            {
              "paramType": "path",
              "name": "course_id",
              "description": "ID",
              "type": "string",
              "format": null,
              "required": true,
              "deprecated": false
            },
            {
              "paramType": "path",
              "name": "id",
              "description": "ID",
              "type": "string",
              "format": null,
              "required": true,
              "deprecated": false
            },
            {
              "paramType": "path",
              "name": "user_id",
              "description": "ID",
              "type": "string",
              "format": null,
              "required": true,
              "deprecated": false
            },
            {
              "paramType": "form",
              "name": "column_data[content]",
              "description": "Column content.  Setting this to blank will delete the datum object.",
              "type": "string",
              "format": null,
              "required": true,
              "deprecated": false
            }
          ],
          "response_fields": [],
          "deprecated": false,
          "deprecation_description": "",
          "type": "ColumnDatum"
        }
      ]
    },
    {
      "path": "/v1/courses/{course_id}/custom_gradebook_column_data",
      "description": "Set the content of custom columns\n\n{\n  \"column_data\": [\n    {\n      \"column_id\": example_column_id,\n      \"user_id\": example_student_id,\n      \"content\": example_content\n      },\n      {\n      \"column_id\": example_column_id,\n      \"user_id\": example_student_id,\n      \"content: example_content\n    }\n  ]\n}",
      "operations": [
        {
          "method": "PUT",
          "summary": "Bulk update column data",
          "notes": "Set the content of custom columns\n\n{\n  \"column_data\": [\n    {\n      \"column_id\": example_column_id,\n      \"user_id\": example_student_id,\n      \"content\": example_content\n      },\n      {\n      \"column_id\": example_column_id,\n      \"user_id\": example_student_id,\n      \"content: example_content\n    }\n  ]\n}",
          "nickname": "bulk_update_column_data",
          "parameters": [
            {
              "paramType": "path",
              "name": "course_id",
              "description": "ID",
              "type": "string",
              "format": null,
              "required": true,
              "deprecated": false
            },
            {
              "paramType": "form",
              "name": "column_data",
              "description": "Column content. Setting this to an empty string will delete the data object.",
              "type": "array",
              "format": null,
              "required": true,
              "deprecated": false,
              "items": {
                "$ref": "Array"
              }
            }
          ],
          "response_fields": [],
          "deprecated": false,
          "deprecation_description": "",
          "type": "Progress"
        }
      ]
    }
  ],
  "models": {
    "CustomColumn": {
      "id": "CustomColumn",
      "description": "",
      "required": [],
      "deprecated": false,
      "deprecation_description": null,
      "properties": {
        "id": {
          "description": "The ID of the custom gradebook column",
          "example": 2,
          "type": "integer"
        },
        "teacher_notes": {
          "description": "When true, this column's visibility will be toggled in the Gradebook when a user selects to show or hide notes",
          "example": false,
          "type": "boolean"
        },
        "title": {
          "description": "header text",
          "example": "Stuff",
          "type": "string"
        },
        "position": {
          "description": "column order",
          "example": 1,
          "type": "integer"
        },
        "hidden": {
          "description": "won't be displayed if hidden is true",
          "example": false,
          "type": "boolean"
        },
        "read_only": {
          "description": "won't be editable in the gradebook UI",
          "example": true,
          "type": "boolean"
        }
      }
    },
    "ColumnDatum": {
      "id": "ColumnDatum",
      "description": "ColumnDatum objects contain the entry for a column for each user.",
      "required": [],
      "deprecated": false,
      "deprecation_description": null,
      "properties": {
        "content": {
          "example": "Nut allergy",
          "type": "string"
        },
        "user_id": {
          "example": 2,
          "type": "integer"
        }
      }
    }
  }
}
