{
  "apiVersion": "1.0",
  "swaggerVersion": "1.2",
  "basePath": "http://localhost:3000/api",
  "resourcePath": "/external_tools",
  "produces": [
    "application/json"
  ],
  "apis": [
    {
      "path": "/v1/courses/{course_id}/external_tools",
      "description": "Returns the paginated list of external tools for the current context.\nSee the get request docs for a single tool for a list of properties on an external tool.",
      "operations": [
        {
          "method": "GET",
          "summary": "List external tools",
          "notes": "Returns the paginated list of external tools for the current context.\nSee the get request docs for a single tool for a list of properties on an external tool.",
          "nickname": "list_external_tools_courses",
          "parameters": [
            {
              "paramType": "path",
              "name": "course_id",
              "description": "ID",
              "type": "string",
              "format": null,
              "required": true,
              "deprecated": false
            },
            {
              "paramType": "query",
              "name": "search_term",
              "description": "The partial name of the tools to match and return.",
              "type": "string",
              "format": null,
              "required": false,
              "deprecated": false
            },
            {
              "paramType": "query",
              "name": "selectable",
              "description": "If true, then only tools that are meant to be selectable are returned.",
              "type": "boolean",
              "format": null,
              "required": false,
              "deprecated": false
            },
            {
              "paramType": "query",
              "name": "include_parents",
              "description": "If true, then include tools installed in all accounts above the current context",
              "type": "boolean",
              "format": null,
              "required": false,
              "deprecated": false
            },
            {
              "paramType": "query",
              "name": "placement",
              "description": "The placement type to filter by.",
              "type": "string",
              "format": null,
              "required": false,
              "deprecated": false
            }
          ],
          "response_fields": [],
          "deprecated": false,
          "deprecation_description": "",
          "type": "void"
        }
      ]
    },
    {
      "path": "/v1/accounts/{account_id}/external_tools",
      "description": "Returns the paginated list of external tools for the current context.\nSee the get request docs for a single tool for a list of properties on an external tool.",
      "operations": [
        {
          "method": "GET",
          "summary": "List external tools",
          "notes": "Returns the paginated list of external tools for the current context.\nSee the get request docs for a single tool for a list of properties on an external tool.",
          "nickname": "list_external_tools_accounts",
          "parameters": [
            {
              "paramType": "path",
              "name": "account_id",
              "description": "ID",
              "type": "string",
              "format": null,
              "required": true,
              "deprecated": false
            },
            {
              "paramType": "query",
              "name": "search_term",
              "description": "The partial name of the tools to match and return.",
              "type": "string",
              "format": null,
              "required": false,
              "deprecated": false
            },
            {
              "paramType": "query",
              "name": "selectable",
              "description": "If true, then only tools that are meant to be selectable are returned.",
              "type": "boolean",
              "format": null,
              "required": false,
              "deprecated": false
            },
            {
              "paramType": "query",
              "name": "include_parents",
              "description": "If true, then include tools installed in all accounts above the current context",
              "type": "boolean",
              "format": null,
              "required": false,
              "deprecated": false
            },
            {
              "paramType": "query",
              "name": "placement",
              "description": "The placement type to filter by.",
              "type": "string",
              "format": null,
              "required": false,
              "deprecated": false
            }
          ],
          "response_fields": [],
          "deprecated": false,
          "deprecation_description": "",
          "type": "void"
        }
      ]
    },
    {
      "path": "/v1/groups/{group_id}/external_tools",
      "description": "Returns the paginated list of external tools for the current context.\nSee the get request docs for a single tool for a list of properties on an external tool.",
      "operations": [
        {
          "method": "GET",
          "summary": "List external tools",
          "notes": "Returns the paginated list of external tools for the current context.\nSee the get request docs for a single tool for a list of properties on an external tool.",
          "nickname": "list_external_tools_groups",
          "parameters": [
            {
              "paramType": "path",
              "name": "group_id",
              "description": "ID",
              "type": "string",
              "format": null,
              "required": true,
              "deprecated": false
            },
            {
              "paramType": "query",
              "name": "search_term",
              "description": "The partial name of the tools to match and return.",
              "type": "string",
              "format": null,
              "required": false,
              "deprecated": false
            },
            {
              "paramType": "query",
              "name": "selectable",
              "description": "If true, then only tools that are meant to be selectable are returned.",
              "type": "boolean",
              "format": null,
              "required": false,
              "deprecated": false
            },
            {
              "paramType": "query",
              "name": "include_parents",
              "description": "If true, then include tools installed in all accounts above the current context",
              "type": "boolean",
              "format": null,
              "required": false,
              "deprecated": false
            },
            {
              "paramType": "query",
              "name": "placement",
              "description": "The placement type to filter by.",
              "type": "string",
              "format": null,
              "required": false,
              "deprecated": false
            }
          ],
          "response_fields": [],
          "deprecated": false,
          "deprecation_description": "",
          "type": "void"
        }
      ]
    },
    {
      "path": "/v1/courses/{course_id}/external_tools/sessionless_launch",
      "description": "Returns a sessionless launch url for an external tool.\nPrefers the resource_link_lookup_uuid, but defaults to the other passed\n  parameters id, url, and launch_type\n\nNOTE: Either the resource_link_lookup_uuid, id, or url must be provided unless launch_type is assessment or module_item.",
      "operations": [
        {
          "method": "GET",
          "summary": "Get a sessionless launch url for an external tool.",
          "notes": "Returns a sessionless launch url for an external tool.\nPrefers the resource_link_lookup_uuid, but defaults to the other passed\n  parameters id, url, and launch_type\n\nNOTE: Either the resource_link_lookup_uuid, id, or url must be provided unless launch_type is assessment or module_item.",
          "nickname": "get_sessionless_launch_url_for_external_tool_courses",
          "parameters": [
            {
              "paramType": "path",
              "name": "course_id",
              "description": "ID",
              "type": "string",
              "format": null,
              "required": true,
              "deprecated": false
            },
            {
              "paramType": "query",
              "name": "id",
              "description": "The external id of the tool to launch.",
              "type": "string",
              "format": null,
              "required": false,
              "deprecated": false
            },
            {
              "paramType": "query",
              "name": "url",
              "description": "The LTI launch url for the external tool.",
              "type": "string",
              "format": null,
              "required": false,
              "deprecated": false
            },
            {
              "paramType": "query",
              "name": "assignment_id",
              "description": "The assignment id for an assignment launch. Required if launch_type is set to \"assessment\".",
              "type": "string",
              "format": null,
              "required": false,
              "deprecated": false
            },
            {
              "paramType": "query",
              "name": "module_item_id",
              "description": "The assignment id for a module item launch. Required if launch_type is set to \"module_item\".",
              "type": "string",
              "format": null,
              "required": false,
              "deprecated": false
            },
            {
              "paramType": "query",
              "name": "launch_type",
              "description": "The type of launch to perform on the external tool. Placement names (eg. \"course_navigation\")\ncan also be specified to use the custom launch url for that placement; if done, the tool id\nmust be provided.",
              "type": "string",
              "format": null,
              "required": false,
              "deprecated": false,
              "enum": [
                "assessment",
                "module_item"
              ]
            },
            {
              "paramType": "query",
              "name": "resource_link_lookup_uuid",
              "description": "The identifier to lookup a resource link.",
              "type": "string",
              "format": null,
              "required": false,
              "deprecated": false
            }
          ],
          "response_fields": [
            {
              "name": "id",
              "description": "The id for the external tool to be launched.",
              "deprecated": false
            },
            {
              "name": "name",
              "description": "The name of the external tool to be launched.",
              "deprecated": false
            },
            {
              "name": "url",
              "description": "The url to load to launch the external tool for the user.",
              "deprecated": false
            }
          ],
          "deprecated": false,
          "deprecation_description": "",
          "type": "void"
        }
      ]
    },
    {
      "path": "/v1/accounts/{account_id}/external_tools/sessionless_launch",
      "description": "Returns a sessionless launch url for an external tool.\nPrefers the resource_link_lookup_uuid, but defaults to the other passed\n  parameters id, url, and launch_type\n\nNOTE: Either the resource_link_lookup_uuid, id, or url must be provided unless launch_type is assessment or module_item.",
      "operations": [
        {
          "method": "GET",
          "summary": "Get a sessionless launch url for an external tool.",
          "notes": "Returns a sessionless launch url for an external tool.\nPrefers the resource_link_lookup_uuid, but defaults to the other passed\n  parameters id, url, and launch_type\n\nNOTE: Either the resource_link_lookup_uuid, id, or url must be provided unless launch_type is assessment or module_item.",
          "nickname": "get_sessionless_launch_url_for_external_tool_accounts",
          "parameters": [
            {
              "paramType": "path",
              "name": "account_id",
              "description": "ID",
              "type": "string",
              "format": null,
              "required": true,
              "deprecated": false
            },
            {
              "paramType": "query",
              "name": "id",
              "description": "The external id of the tool to launch.",
              "type": "string",
              "format": null,
              "required": false,
              "deprecated": false
            },
            {
              "paramType": "query",
              "name": "url",
              "description": "The LTI launch url for the external tool.",
              "type": "string",
              "format": null,
              "required": false,
              "deprecated": false
            },
            {
              "paramType": "query",
              "name": "assignment_id",
              "description": "The assignment id for an assignment launch. Required if launch_type is set to \"assessment\".",
              "type": "string",
              "format": null,
              "required": false,
              "deprecated": false
            },
            {
              "paramType": "query",
              "name": "module_item_id",
              "description": "The assignment id for a module item launch. Required if launch_type is set to \"module_item\".",
              "type": "string",
              "format": null,
              "required": false,
              "deprecated": false
            },
            {
              "paramType": "query",
              "name": "launch_type",
              "description": "The type of launch to perform on the external tool. Placement names (eg. \"course_navigation\")\ncan also be specified to use the custom launch url for that placement; if done, the tool id\nmust be provided.",
              "type": "string",
              "format": null,
              "required": false,
              "deprecated": false,
              "enum": [
                "assessment",
                "module_item"
              ]
            },
            {
              "paramType": "query",
              "name": "resource_link_lookup_uuid",
              "description": "The identifier to lookup a resource link.",
              "type": "string",
              "format": null,
              "required": false,
              "deprecated": false
            }
          ],
          "response_fields": [
            {
              "name": "id",
              "description": "The id for the external tool to be launched.",
              "deprecated": false
            },
            {
              "name": "name",
              "description": "The name of the external tool to be launched.",
              "deprecated": false
            },
            {
              "name": "url",
              "description": "The url to load to launch the external tool for the user.",
              "deprecated": false
            }
          ],
          "deprecated": false,
          "deprecation_description": "",
          "type": "void"
        }
      ]
    },
    {
      "path": "/v1/courses/{course_id}/external_tools/{external_tool_id}",
      "description": "Returns the specified external tool.",
      "operations": [
        {
          "method": "GET",
          "summary": "Get a single external tool",
          "notes": "Returns the specified external tool.",
          "nickname": "get_single_external_tool_courses",
          "parameters": [
            {
              "paramType": "path",
              "name": "course_id",
              "description": "ID",
              "type": "string",
              "format": null,
              "required": true,
              "deprecated": false
            },
            {
              "paramType": "path",
              "name": "external_tool_id",
              "description": "ID",
              "type": "string",
              "format": null,
              "required": true,
              "deprecated": false
            }
          ],
          "response_fields": [
            {
              "name": "id",
              "description": "The unique identifier for the tool",
              "deprecated": false
            },
            {
              "name": "domain",
              "description": "The domain to match links against",
              "deprecated": false
            },
            {
              "name": "url",
              "description": "The url to match links against",
              "deprecated": false
            },
            {
              "name": "consumer_key",
              "description": "The consumer key used by the tool (The associated shared secret is not returned)",
              "deprecated": false
            },
            {
              "name": "name",
              "description": "The name of the tool",
              "deprecated": false
            },
            {
              "name": "description",
              "description": "A description of the tool",
              "deprecated": false
            },
            {
              "name": "created_at",
              "description": "Timestamp of creation",
              "deprecated": false
            },
            {
              "name": "updated_at",
              "description": "Timestamp of last update",
              "deprecated": false
            },
            {
              "name": "privacy_level",
              "description": "What information to send to the external tool, \"anonymous\", \"name_only\", \"public\"",
              "deprecated": false
            },
            {
              "name": "custom_fields",
              "description": "Custom fields that will be sent to the tool consumer",
              "deprecated": false
            },
            {
              "name": "is_rce_favorite",
              "description": "Boolean determining whether this tool should be in a preferred location in the RCE.",
              "deprecated": false
            },
            {
              "name": "account_navigation",
              "description": "The configuration for account navigation links (see create API for values)",
              "deprecated": false
            },
            {
              "name": "assignment_selection",
              "description": "The configuration for assignment selection links (see create API for values)",
              "deprecated": false
            },
            {
              "name": "course_home_sub_navigation",
              "description": "The configuration for course home navigation links (see create API for values)",
              "deprecated": false
            },
            {
              "name": "course_navigation",
              "description": "The configuration for course navigation links (see create API for values)",
              "deprecated": false
            },
            {
              "name": "editor_button",
              "description": "The configuration for a WYSIWYG editor button (see create API for values)",
              "deprecated": false
            },
            {
              "name": "homework_submission",
              "description": "The configuration for homework submission selection (see create API for values)",
              "deprecated": false
            },
            {
              "name": "link_selection",
              "description": "The configuration for link selection (see create API for values)",
              "deprecated": false
            },
            {
              "name": "migration_selection",
              "description": "The configuration for migration selection (see create API for values)",
              "deprecated": false
            },
            {
              "name": "resource_selection",
              "description": "The configuration for a resource selector in modules (see create API for values)",
              "deprecated": false
            },
            {
              "name": "tool_configuration",
              "description": "The configuration for a tool configuration link (see create API for values)",
              "deprecated": false
            },
            {
              "name": "user_navigation",
              "description": "The configuration for user navigation links (see create API for values)",
              "deprecated": false
            },
            {
              "name": "selection_width",
              "description": "The pixel width of the iFrame that the tool will be rendered in",
              "deprecated": false
            },
            {
              "name": "selection_height",
              "description": "The pixel height of the iFrame that the tool will be rendered in",
              "deprecated": false
            },
            {
              "name": "icon_url",
              "description": "The url for the tool icon",
              "deprecated": false
            },
            {
              "name": "not_selectable",
              "description": "whether the tool is not selectable from assignment and modules",
              "deprecated": false
            },
            {
              "name": "deployment_id",
              "description": "The unique identifier for the deployment of the tool",
              "deprecated": false
            }
          ],
          "deprecated": false,
          "deprecation_description": "",
          "type": "void"
        }
      ]
    },
    {
      "path": "/v1/accounts/{account_id}/external_tools/{external_tool_id}",
      "description": "Returns the specified external tool.",
      "operations": [
        {
          "method": "GET",
          "summary": "Get a single external tool",
          "notes": "Returns the specified external tool.",
          "nickname": "get_single_external_tool_accounts",
          "parameters": [
            {
              "paramType": "path",
              "name": "account_id",
              "description": "ID",
              "type": "string",
              "format": null,
              "required": true,
              "deprecated": false
            },
            {
              "paramType": "path",
              "name": "external_tool_id",
              "description": "ID",
              "type": "string",
              "format": null,
              "required": true,
              "deprecated": false
            }
          ],
          "response_fields": [
            {
              "name": "id",
              "description": "The unique identifier for the tool",
              "deprecated": false
            },
            {
              "name": "domain",
              "description": "The domain to match links against",
              "deprecated": false
            },
            {
              "name": "url",
              "description": "The url to match links against",
              "deprecated": false
            },
            {
              "name": "consumer_key",
              "description": "The consumer key used by the tool (The associated shared secret is not returned)",
              "deprecated": false
            },
            {
              "name": "name",
              "description": "The name of the tool",
              "deprecated": false
            },
            {
              "name": "description",
              "description": "A description of the tool",
              "deprecated": false
            },
            {
              "name": "created_at",
              "description": "Timestamp of creation",
              "deprecated": false
            },
            {
              "name": "updated_at",
              "description": "Timestamp of last update",
              "deprecated": false
            },
            {
              "name": "privacy_level",
              "description": "What information to send to the external tool, \"anonymous\", \"name_only\", \"public\"",
              "deprecated": false
            },
            {
              "name": "custom_fields",
              "description": "Custom fields that will be sent to the tool consumer",
              "deprecated": false
            },
            {
              "name": "is_rce_favorite",
              "description": "Boolean determining whether this tool should be in a preferred location in the RCE.",
              "deprecated": false
            },
            {
              "name": "account_navigation",
              "description": "The configuration for account navigation links (see create API for values)",
              "deprecated": false
            },
            {
              "name": "assignment_selection",
              "description": "The configuration for assignment selection links (see create API for values)",
              "deprecated": false
            },
            {
              "name": "course_home_sub_navigation",
              "description": "The configuration for course home navigation links (see create API for values)",
              "deprecated": false
            },
            {
              "name": "course_navigation",
              "description": "The configuration for course navigation links (see create API for values)",
              "deprecated": false
            },
            {
              "name": "editor_button",
              "description": "The configuration for a WYSIWYG editor button (see create API for values)",
              "deprecated": false
            },
            {
              "name": "homework_submission",
              "description": "The configuration for homework submission selection (see create API for values)",
              "deprecated": false
            },
            {
              "name": "link_selection",
              "description": "The configuration for link selection (see create API for values)",
              "deprecated": false
            },
            {
              "name": "migration_selection",
              "description": "The configuration for migration selection (see create API for values)",
              "deprecated": false
            },
            {
              "name": "resource_selection",
              "description": "The configuration for a resource selector in modules (see create API for values)",
              "deprecated": false
            },
            {
              "name": "tool_configuration",
              "description": "The configuration for a tool configuration link (see create API for values)",
              "deprecated": false
            },
            {
              "name": "user_navigation",
              "description": "The configuration for user navigation links (see create API for values)",
              "deprecated": false
            },
            {
              "name": "selection_width",
              "description": "The pixel width of the iFrame that the tool will be rendered in",
              "deprecated": false
            },
            {
              "name": "selection_height",
              "description": "The pixel height of the iFrame that the tool will be rendered in",
              "deprecated": false
            },
            {
              "name": "icon_url",
              "description": "The url for the tool icon",
              "deprecated": false
            },
            {
              "name": "not_selectable",
              "description": "whether the tool is not selectable from assignment and modules",
              "deprecated": false
            },
            {
              "name": "deployment_id",
              "description": "The unique identifier for the deployment of the tool",
              "deprecated": false
            }
          ],
          "deprecated": false,
          "deprecation_description": "",
          "type": "void"
        }
      ]
    },
    {
      "path": "/v1/courses/{course_id}/external_tools",
      "description": "Create an external tool in the specified course/account.\nThe created tool will be returned, see the \"show\" endpoint for an example.\nIf a client ID is supplied canvas will attempt to create a context external\ntool using the LTI 1.3 standard.",
      "operations": [
        {
          "method": "POST",
          "summary": "Create an external tool",
          "notes": "Create an external tool in the specified course/account.\nThe created tool will be returned, see the \"show\" endpoint for an example.\nIf a client ID is supplied canvas will attempt to create a context external\ntool using the LTI 1.3 standard.",
          "nickname": "create_external_tool_courses",
          "parameters": [
            {
              "paramType": "path",
              "name": "course_id",
              "description": "ID",
              "type": "string",
              "format": null,
              "required": true,
              "deprecated": false
            },
            {
              "paramType": "form",
              "name": "client_id",
              "description": "The client id is attached to the developer key.\nIf supplied all other parameters are unnecessary and will be ignored",
              "type": "string",
              "format": null,
              "required": true,
              "deprecated": false
            },
            {
              "paramType": "form",
              "name": "name",
              "description": "The name of the tool",
              "type": "string",
              "format": null,
              "required": true,
              "deprecated": false
            },
            {
              "paramType": "form",
              "name": "privacy_level",
              "description": "What information to send to the external tool.",
              "type": "string",
              "format": null,
              "required": true,
              "deprecated": false,
              "enum": [
                "anonymous",
                "name_only",
                "public"
              ]
            },
            {
              "paramType": "form",
              "name": "consumer_key",
              "description": "The consumer key for the external tool",
              "type": "string",
              "format": null,
              "required": true,
              "deprecated": false
            },
            {
              "paramType": "form",
              "name": "shared_secret",
              "description": "The shared secret with the external tool",
              "type": "string",
              "format": null,
              "required": true,
              "deprecated": false
            },
            {
              "paramType": "form",
              "name": "description",
              "description": "A description of the tool",
              "type": "string",
              "format": null,
              "required": false,
              "deprecated": false
            },
            {
              "paramType": "form",
              "name": "url",
              "description": "The url to match links against. Either \"url\" or \"domain\" should be set,\nnot both.",
              "type": "string",
              "format": null,
              "required": false,
              "deprecated": false
            },
            {
              "paramType": "form",
              "name": "domain",
              "description": "The domain to match links against. Either \"url\" or \"domain\" should be\nset, not both.",
              "type": "string",
              "format": null,
              "required": false,
              "deprecated": false
            },
            {
              "paramType": "form",
              "name": "icon_url",
              "description": "The url of the icon to show for this tool",
              "type": "string",
              "format": null,
              "required": false,
              "deprecated": false
            },
            {
              "paramType": "form",
              "name": "text",
              "description": "The default text to show for this tool",
              "type": "string",
              "format": null,
              "required": false,
              "deprecated": false
            },
            {
              "paramType": "form",
              "name": "custom_fields[field_name]",
              "description": "Custom fields that will be sent to the tool consumer; can be used\nmultiple times",
              "type": "string",
              "format": null,
              "required": false,
              "deprecated": false
            },
            {
              "paramType": "form",
              "name": "is_rce_favorite",
              "description": "(Deprecated in favor of {api:ExternalToolsController#add_rce_favorite Add tool to RCE Favorites} and\n{api:ExternalToolsController#remove_rce_favorite Remove tool from RCE Favorites})\nWhether this tool should appear in a preferred location in the RCE.\nThis only applies to tools in root account contexts that have an editor\nbutton placement.",
              "type": "boolean",
              "format": null,
              "required": false,
              "deprecated": false
            },
            {
              "paramType": "form",
              "name": "account_navigation[url]",
              "description": "The url of the external tool for account navigation",
              "type": "string",
              "format": null,
              "required": false,
              "deprecated": false
            },
            {
              "paramType": "form",
              "name": "account_navigation[enabled]",
              "description": "Set this to enable this feature",
              "type": "boolean",
              "format": null,
              "required": false,
              "deprecated": false
            },
            {
              "paramType": "form",
              "name": "account_navigation[text]",
              "description": "The text that will show on the left-tab in the account navigation",
              "type": "string",
              "format": null,
              "required": false,
              "deprecated": false
            },
            {
              "paramType": "form",
              "name": "account_navigation[selection_width]",
              "description": "The width of the dialog the tool is launched in",
              "type": "string",
              "format": null,
              "required": false,
              "deprecated": false
            },
            {
              "paramType": "form",
              "name": "account_navigation[selection_height]",
              "description": "The height of the dialog the tool is launched in",
              "type": "string",
              "format": null,
              "required": false,
              "deprecated": false
            },
            {
              "paramType": "form",
              "name": "account_navigation[display_type]",
              "description": "The layout type to use when launching the tool. Must be\n\"full_width\", \"full_width_in_context\", \"in_nav_context\", \"borderless\", or \"default\"",
              "type": "string",
              "format": null,
              "required": false,
              "deprecated": false
            },
            {
              "paramType": "form",
              "name": "user_navigation[url]",
              "description": "The url of the external tool for user navigation",
              "type": "string",
              "format": null,
              "required": false,
              "deprecated": false
            },
            {
              "paramType": "form",
              "name": "user_navigation[enabled]",
              "description": "Set this to enable this feature",
              "type": "boolean",
              "format": null,
              "required": false,
              "deprecated": false
            },
            {
              "paramType": "form",
              "name": "user_navigation[text]",
              "description": "The text that will show on the left-tab in the user navigation",
              "type": "string",
              "format": null,
              "required": false,
              "deprecated": false
            },
            {
              "paramType": "form",
              "name": "user_navigation[visibility]",
              "description": "Who will see the navigation tab. \"admins\" for admins, \"public\" or\n\"members\" for everyone. Setting this to `null` will remove this configuration\nand use the default behavior, which is \"public\".",
              "type": "string",
              "format": null,
              "required": false,
              "deprecated": false,
              "enum": [
                "admins",
                "members",
                "public"
              ]
            },
            {
              "paramType": "form",
              "name": "course_home_sub_navigation[url]",
              "description": "The url of the external tool for right-side course home navigation menu",
              "type": "string",
              "format": null,
              "required": false,
              "deprecated": false
            },
            {
              "paramType": "form",
              "name": "course_home_sub_navigation[enabled]",
              "description": "Set this to enable this feature",
              "type": "boolean",
              "format": null,
              "required": false,
              "deprecated": false
            },
            {
              "paramType": "form",
              "name": "course_home_sub_navigation[text]",
              "description": "The text that will show on the right-side course home navigation menu",
              "type": "string",
              "format": null,
              "required": false,
              "deprecated": false
            },
            {
              "paramType": "form",
              "name": "course_home_sub_navigation[icon_url]",
              "description": "The url of the icon to show in the right-side course home navigation menu",
              "type": "string",
              "format": null,
              "required": false,
              "deprecated": false
            },
            {
              "paramType": "form",
              "name": "course_navigation[enabled]",
              "description": "Set this to enable this feature",
              "type": "boolean",
              "format": null,
              "required": false,
              "deprecated": false
            },
            {
              "paramType": "form",
              "name": "course_navigation[text]",
              "description": "The text that will show on the left-tab in the course navigation",
              "type": "string",
              "format": null,
              "required": false,
              "deprecated": false
            },
            {
              "paramType": "form",
              "name": "course_navigation[visibility]",
              "description": "Who will see the navigation tab. \"admins\" for course admins, \"members\" for\nstudents, \"public\" for everyone. Setting this to `null` will remove this configuration\nand use the default behavior, which is \"public\".",
              "type": "string",
              "format": null,
              "required": false,
              "deprecated": false,
              "enum": [
                "admins",
                "members",
                "public"
              ]
            },
            {
              "paramType": "form",
              "name": "course_navigation[windowTarget]",
              "description": "Determines how the navigation tab will be opened.\n\"_blank\"\tLaunches the external tool in a new window or tab.\n\"_self\"\t(Default) Launches the external tool in an iframe inside of Canvas.",
              "type": "string",
              "format": null,
              "required": false,
              "deprecated": false,
              "enum": [
                "_blank",
                "_self"
              ]
            },
            {
              "paramType": "form",
              "name": "course_navigation[default]",
              "description": "If set to \"disabled\" the tool will not appear in the course navigation\nuntil a teacher explicitly enables it.\n\nIf set to \"enabled\" the tool will appear in the course navigation\nwithout requiring a teacher to explicitly enable it.\n\ndefaults to \"enabled\"",
              "type": "string",
              "format": null,
              "required": false,
              "deprecated": false,
              "enum": [
                "disabled",
                "enabled"
              ]
            },
            {
              "paramType": "form",
              "name": "course_navigation[display_type]",
              "description": "The layout type to use when launching the tool. Must be\n\"full_width\", \"full_width_in_context\", \"in_nav_context\", \"borderless\", or \"default\"",
              "type": "string",
              "format": null,
              "required": false,
              "deprecated": false
            },
            {
              "paramType": "form",
              "name": "editor_button[url]",
              "description": "The url of the external tool",
              "type": "string",
              "format": null,
              "required": false,
              "deprecated": false
            },
            {
              "paramType": "form",
              "name": "editor_button[enabled]",
              "description": "Set this to enable this feature",
              "type": "boolean",
              "format": null,
              "required": false,
              "deprecated": false
            },
            {
              "paramType": "form",
              "name": "editor_button[icon_url]",
              "description": "The url of the icon to show in the WYSIWYG editor",
              "type": "string",
              "format": null,
              "required": false,
              "deprecated": false
            },
            {
              "paramType": "form",
              "name": "editor_button[selection_width]",
              "description": "The width of the dialog the tool is launched in",
              "type": "string",
              "format": null,
              "required": false,
              "deprecated": false
            },
            {
              "paramType": "form",
              "name": "editor_button[selection_height]",
              "description": "The height of the dialog the tool is launched in",
              "type": "string",
              "format": null,
              "required": false,
              "deprecated": false
            },
            {
              "paramType": "form",
              "name": "editor_button[message_type]",
              "description": "Set this to ContentItemSelectionRequest to tell the tool to use\ncontent-item; otherwise, omit",
              "type": "string",
              "format": null,
              "required": false,
              "deprecated": false
            },
            {
              "paramType": "form",
              "name": "homework_submission[url]",
              "description": "The url of the external tool",
              "type": "string",
              "format": null,
              "required": false,
              "deprecated": false
            },
            {
              "paramType": "form",
              "name": "homework_submission[enabled]",
              "description": "Set this to enable this feature",
              "type": "boolean",
              "format": null,
              "required": false,
              "deprecated": false
            },
            {
              "paramType": "form",
              "name": "homework_submission[text]",
              "description": "The text that will show on the homework submission tab",
              "type": "string",
              "format": null,
              "required": false,
              "deprecated": false
            },
            {
              "paramType": "form",
              "name": "homework_submission[message_type]",
              "description": "Set this to ContentItemSelectionRequest to tell the tool to use\ncontent-item; otherwise, omit",
              "type": "string",
              "format": null,
              "required": false,
              "deprecated": false
            },
            {
              "paramType": "form",
              "name": "link_selection[url]",
              "description": "The url of the external tool",
              "type": "string",
              "format": null,
              "required": false,
              "deprecated": false
            },
            {
              "paramType": "form",
              "name": "link_selection[enabled]",
              "description": "Set this to enable this feature",
              "type": "boolean",
              "format": null,
              "required": false,
              "deprecated": false
            },
            {
              "paramType": "form",
              "name": "link_selection[text]",
              "description": "The text that will show for the link selection text",
              "type": "string",
              "format": null,
              "required": false,
              "deprecated": false
            },
            {
              "paramType": "form",
              "name": "link_selection[message_type]",
              "description": "Set this to ContentItemSelectionRequest to tell the tool to use\ncontent-item; otherwise, omit",
              "type": "string",
              "format": null,
              "required": false,
              "deprecated": false
            },
            {
              "paramType": "form",
              "name": "migration_selection[url]",
              "description": "The url of the external tool",
              "type": "string",
              "format": null,
              "required": false,
              "deprecated": false
            },
            {
              "paramType": "form",
              "name": "migration_selection[enabled]",
              "description": "Set this to enable this feature",
              "type": "boolean",
              "format": null,
              "required": false,
              "deprecated": false
            },
            {
              "paramType": "form",
              "name": "migration_selection[message_type]",
              "description": "Set this to ContentItemSelectionRequest to tell the tool to use\ncontent-item; otherwise, omit",
              "type": "string",
              "format": null,
              "required": false,
              "deprecated": false
            },
            {
              "paramType": "form",
              "name": "tool_configuration[url]",
              "description": "The url of the external tool",
              "type": "string",
              "format": null,
              "required": false,
              "deprecated": false
            },
            {
              "paramType": "form",
              "name": "tool_configuration[enabled]",
              "description": "Set this to enable this feature",
              "type": "boolean",
              "format": null,
              "required": false,
              "deprecated": false
            },
            {
              "paramType": "form",
              "name": "tool_configuration[message_type]",
              "description": "Set this to ContentItemSelectionRequest to tell the tool to use\ncontent-item; otherwise, omit",
              "type": "string",
              "format": null,
              "required": false,
              "deprecated": false
            },
            {
              "paramType": "form",
              "name": "tool_configuration[prefer_sis_email]",
              "description": "Set this to default the lis_person_contact_email_primary to prefer\nprovisioned sis_email; otherwise, omit",
              "type": "boolean",
              "format": null,
              "required": false,
              "deprecated": false
            },
            {
              "paramType": "form",
              "name": "resource_selection[url]",
              "description": "The url of the external tool",
              "type": "string",
              "format": null,
              "required": false,
              "deprecated": false
            },
            {
              "paramType": "form",
              "name": "resource_selection[enabled]",
              "description": "Set this to enable this feature. If set to false,\nnot_selectable must also be set to true in order to hide this tool\nfrom the selection UI in modules and assignments.",
              "type": "boolean",
              "format": null,
              "required": false,
              "deprecated": false
            },
            {
              "paramType": "form",
              "name": "resource_selection[icon_url]",
              "description": "The url of the icon to show in the module external tool list",
              "type": "string",
              "format": null,
              "required": false,
              "deprecated": false
            },
            {
              "paramType": "form",
              "name": "resource_selection[selection_width]",
              "description": "The width of the dialog the tool is launched in",
              "type": "string",
              "format": null,
              "required": false,
              "deprecated": false
            },
            {
              "paramType": "form",
              "name": "resource_selection[selection_height]",
              "description": "The height of the dialog the tool is launched in",
              "type": "string",
              "format": null,
              "required": false,
              "deprecated": false
            },
            {
              "paramType": "form",
              "name": "config_type",
              "description": "Configuration can be passed in as CC xml instead of using query\nparameters. If this value is \"by_url\" or \"by_xml\" then an xml\nconfiguration will be expected in either the \"config_xml\" or \"config_url\"\nparameter. Note that the name parameter overrides the tool name provided\nin the xml",
              "type": "string",
              "format": null,
              "required": false,
              "deprecated": false
            },
            {
              "paramType": "form",
              "name": "config_xml",
              "description": "XML tool configuration, as specified in the CC xml specification. This is\nrequired if \"config_type\" is set to \"by_xml\"",
              "type": "string",
              "format": null,
              "required": false,
              "deprecated": false
            },
            {
              "paramType": "form",
              "name": "config_url",
              "description": "URL where the server can retrieve an XML tool configuration, as specified\nin the CC xml specification. This is required if \"config_type\" is set to\n\"by_url\"",
              "type": "string",
              "format": null,
              "required": false,
              "deprecated": false
            },
            {
              "paramType": "form",
              "name": "not_selectable",
              "description": "Default: false. If set to true, and if resource_selection is set to false,\nthe tool won't show up in the external tool\nselection UI in modules and assignments",
              "type": "boolean",
              "format": null,
              "required": false,
              "deprecated": false
            },
            {
              "paramType": "form",
              "name": "oauth_compliant",
              "description": "Default: false, if set to true LTI query params will not be copied to the\npost body.",
              "type": "boolean",
              "format": null,
              "required": false,
              "deprecated": false
            }
          ],
          "response_fields": [],
          "deprecated": false,
          "deprecation_description": "",
          "type": "void"
        }
      ]
    },
    {
      "path": "/v1/accounts/{account_id}/external_tools",
      "description": "Create an external tool in the specified course/account.\nThe created tool will be returned, see the \"show\" endpoint for an example.\nIf a client ID is supplied canvas will attempt to create a context external\ntool using the LTI 1.3 standard.",
      "operations": [
        {
          "method": "POST",
          "summary": "Create an external tool",
          "notes": "Create an external tool in the specified course/account.\nThe created tool will be returned, see the \"show\" endpoint for an example.\nIf a client ID is supplied canvas will attempt to create a context external\ntool using the LTI 1.3 standard.",
          "nickname": "create_external_tool_accounts",
          "parameters": [
            {
              "paramType": "path",
              "name": "account_id",
              "description": "ID",
              "type": "string",
              "format": null,
              "required": true,
              "deprecated": false
            },
            {
              "paramType": "form",
              "name": "client_id",
              "description": "The client id is attached to the developer key.\nIf supplied all other parameters are unnecessary and will be ignored",
              "type": "string",
              "format": null,
              "required": true,
              "deprecated": false
            },
            {
              "paramType": "form",
              "name": "name",
              "description": "The name of the tool",
              "type": "string",
              "format": null,
              "required": true,
              "deprecated": false
            },
            {
              "paramType": "form",
              "name": "privacy_level",
              "description": "What information to send to the external tool.",
              "type": "string",
              "format": null,
              "required": true,
              "deprecated": false,
              "enum": [
                "anonymous",
                "name_only",
                "public"
              ]
            },
            {
              "paramType": "form",
              "name": "consumer_key",
              "description": "The consumer key for the external tool",
              "type": "string",
              "format": null,
              "required": true,
              "deprecated": false
            },
            {
              "paramType": "form",
              "name": "shared_secret",
              "description": "The shared secret with the external tool",
              "type": "string",
              "format": null,
              "required": true,
              "deprecated": false
            },
            {
              "paramType": "form",
              "name": "description",
              "description": "A description of the tool",
              "type": "string",
              "format": null,
              "required": false,
              "deprecated": false
            },
            {
              "paramType": "form",
              "name": "url",
              "description": "The url to match links against. Either \"url\" or \"domain\" should be set,\nnot both.",
              "type": "string",
              "format": null,
              "required": false,
              "deprecated": false
            },
            {
              "paramType": "form",
              "name": "domain",
              "description": "The domain to match links against. Either \"url\" or \"domain\" should be\nset, not both.",
              "type": "string",
              "format": null,
              "required": false,
              "deprecated": false
            },
            {
              "paramType": "form",
              "name": "icon_url",
              "description": "The url of the icon to show for this tool",
              "type": "string",
              "format": null,
              "required": false,
              "deprecated": false
            },
            {
              "paramType": "form",
              "name": "text",
              "description": "The default text to show for this tool",
              "type": "string",
              "format": null,
              "required": false,
              "deprecated": false
            },
            {
              "paramType": "form",
              "name": "custom_fields[field_name]",
              "description": "Custom fields that will be sent to the tool consumer; can be used\nmultiple times",
              "type": "string",
              "format": null,
              "required": false,
              "deprecated": false
            },
            {
              "paramType": "form",
              "name": "is_rce_favorite",
              "description": "(Deprecated in favor of {api:ExternalToolsController#add_rce_favorite Add tool to RCE Favorites} and\n{api:ExternalToolsController#remove_rce_favorite Remove tool from RCE Favorites})\nWhether this tool should appear in a preferred location in the RCE.\nThis only applies to tools in root account contexts that have an editor\nbutton placement.",
              "type": "boolean",
              "format": null,
              "required": false,
              "deprecated": false
            },
            {
              "paramType": "form",
              "name": "account_navigation[url]",
              "description": "The url of the external tool for account navigation",
              "type": "string",
              "format": null,
              "required": false,
              "deprecated": false
            },
            {
              "paramType": "form",
              "name": "account_navigation[enabled]",
              "description": "Set this to enable this feature",
              "type": "boolean",
              "format": null,
              "required": false,
              "deprecated": false
            },
            {
              "paramType": "form",
              "name": "account_navigation[text]",
              "description": "The text that will show on the left-tab in the account navigation",
              "type": "string",
              "format": null,
              "required": false,
              "deprecated": false
            },
            {
              "paramType": "form",
              "name": "account_navigation[selection_width]",
              "description": "The width of the dialog the tool is launched in",
              "type": "string",
              "format": null,
              "required": false,
              "deprecated": false
            },
            {
              "paramType": "form",
              "name": "account_navigation[selection_height]",
              "description": "The height of the dialog the tool is launched in",
              "type": "string",
              "format": null,
              "required": false,
              "deprecated": false
            },
            {
              "paramType": "form",
              "name": "account_navigation[display_type]",
              "description": "The layout type to use when launching the tool. Must be\n\"full_width\", \"full_width_in_context\", \"in_nav_context\", \"borderless\", or \"default\"",
              "type": "string",
              "format": null,
              "required": false,
              "deprecated": false
            },
            {
              "paramType": "form",
              "name": "user_navigation[url]",
              "description": "The url of the external tool for user navigation",
              "type": "string",
              "format": null,
              "required": false,
              "deprecated": false
            },
            {
              "paramType": "form",
              "name": "user_navigation[enabled]",
              "description": "Set this to enable this feature",
              "type": "boolean",
              "format": null,
              "required": false,
              "deprecated": false
            },
            {
              "paramType": "form",
              "name": "user_navigation[text]",
              "description": "The text that will show on the left-tab in the user navigation",
              "type": "string",
              "format": null,
              "required": false,
              "deprecated": false
            },
            {
              "paramType": "form",
              "name": "user_navigation[visibility]",
              "description": "Who will see the navigation tab. \"admins\" for admins, \"public\" or\n\"members\" for everyone. Setting this to `null` will remove this configuration\nand use the default behavior, which is \"public\".",
              "type": "string",
              "format": null,
              "required": false,
              "deprecated": false,
              "enum": [
                "admins",
                "members",
                "public"
              ]
            },
            {
              "paramType": "form",
              "name": "course_home_sub_navigation[url]",
              "description": "The url of the external tool for right-side course home navigation menu",
              "type": "string",
              "format": null,
              "required": false,
              "deprecated": false
            },
            {
              "paramType": "form",
              "name": "course_home_sub_navigation[enabled]",
              "description": "Set this to enable this feature",
              "type": "boolean",
              "format": null,
              "required": false,
              "deprecated": false
            },
            {
              "paramType": "form",
              "name": "course_home_sub_navigation[text]",
              "description": "The text that will show on the right-side course home navigation menu",
              "type": "string",
              "format": null,
              "required": false,
              "deprecated": false
            },
            {
              "paramType": "form",
              "name": "course_home_sub_navigation[icon_url]",
              "description": "The url of the icon to show in the right-side course home navigation menu",
              "type": "string",
              "format": null,
              "required": false,
              "deprecated": false
            },
            {
              "paramType": "form",
              "name": "course_navigation[enabled]",
              "description": "Set this to enable this feature",
              "type": "boolean",
              "format": null,
              "required": false,
              "deprecated": false
            },
            {
              "paramType": "form",
              "name": "course_navigation[text]",
              "description": "The text that will show on the left-tab in the course navigation",
              "type": "string",
              "format": null,
              "required": false,
              "deprecated": false
            },
            {
              "paramType": "form",
              "name": "course_navigation[visibility]",
              "description": "Who will see the navigation tab. \"admins\" for course admins, \"members\" for\nstudents, \"public\" for everyone. Setting this to `null` will remove this configuration\nand use the default behavior, which is \"public\".",
              "type": "string",
              "format": null,
              "required": false,
              "deprecated": false,
              "enum": [
                "admins",
                "members",
                "public"
              ]
            },
            {
              "paramType": "form",
              "name": "course_navigation[windowTarget]",
              "description": "Determines how the navigation tab will be opened.\n\"_blank\"\tLaunches the external tool in a new window or tab.\n\"_self\"\t(Default) Launches the external tool in an iframe inside of Canvas.",
              "type": "string",
              "format": null,
              "required": false,
              "deprecated": false,
              "enum": [
                "_blank",
                "_self"
              ]
            },
            {
              "paramType": "form",
              "name": "course_navigation[default]",
              "description": "If set to \"disabled\" the tool will not appear in the course navigation\nuntil a teacher explicitly enables it.\n\nIf set to \"enabled\" the tool will appear in the course navigation\nwithout requiring a teacher to explicitly enable it.\n\ndefaults to \"enabled\"",
              "type": "string",
              "format": null,
              "required": false,
              "deprecated": false,
              "enum": [
                "disabled",
                "enabled"
              ]
            },
            {
              "paramType": "form",
              "name": "course_navigation[display_type]",
              "description": "The layout type to use when launching the tool. Must be\n\"full_width\", \"full_width_in_context\", \"in_nav_context\", \"borderless\", or \"default\"",
              "type": "string",
              "format": null,
              "required": false,
              "deprecated": false
            },
            {
              "paramType": "form",
              "name": "editor_button[url]",
              "description": "The url of the external tool",
              "type": "string",
              "format": null,
              "required": false,
              "deprecated": false
            },
            {
              "paramType": "form",
              "name": "editor_button[enabled]",
              "description": "Set this to enable this feature",
              "type": "boolean",
              "format": null,
              "required": false,
              "deprecated": false
            },
            {
              "paramType": "form",
              "name": "editor_button[icon_url]",
              "description": "The url of the icon to show in the WYSIWYG editor",
              "type": "string",
              "format": null,
              "required": false,
              "deprecated": false
            },
            {
              "paramType": "form",
              "name": "editor_button[selection_width]",
              "description": "The width of the dialog the tool is launched in",
              "type": "string",
              "format": null,
              "required": false,
              "deprecated": false
            },
            {
              "paramType": "form",
              "name": "editor_button[selection_height]",
              "description": "The height of the dialog the tool is launched in",
              "type": "string",
              "format": null,
              "required": false,
              "deprecated": false
            },
            {
              "paramType": "form",
              "name": "editor_button[message_type]",
              "description": "Set this to ContentItemSelectionRequest to tell the tool to use\ncontent-item; otherwise, omit",
              "type": "string",
              "format": null,
              "required": false,
              "deprecated": false
            },
            {
              "paramType": "form",
              "name": "homework_submission[url]",
              "description": "The url of the external tool",
              "type": "string",
              "format": null,
              "required": false,
              "deprecated": false
            },
            {
              "paramType": "form",
              "name": "homework_submission[enabled]",
              "description": "Set this to enable this feature",
              "type": "boolean",
              "format": null,
              "required": false,
              "deprecated": false
            },
            {
              "paramType": "form",
              "name": "homework_submission[text]",
              "description": "The text that will show on the homework submission tab",
              "type": "string",
              "format": null,
              "required": false,
              "deprecated": false
            },
            {
              "paramType": "form",
              "name": "homework_submission[message_type]",
              "description": "Set this to ContentItemSelectionRequest to tell the tool to use\ncontent-item; otherwise, omit",
              "type": "string",
              "format": null,
              "required": false,
              "deprecated": false
            },
            {
              "paramType": "form",
              "name": "link_selection[url]",
              "description": "The url of the external tool",
              "type": "string",
              "format": null,
              "required": false,
              "deprecated": false
            },
            {
              "paramType": "form",
              "name": "link_selection[enabled]",
              "description": "Set this to enable this feature",
              "type": "boolean",
              "format": null,
              "required": false,
              "deprecated": false
            },
            {
              "paramType": "form",
              "name": "link_selection[text]",
              "description": "The text that will show for the link selection text",
              "type": "string",
              "format": null,
              "required": false,
              "deprecated": false
            },
            {
              "paramType": "form",
              "name": "link_selection[message_type]",
              "description": "Set this to ContentItemSelectionRequest to tell the tool to use\ncontent-item; otherwise, omit",
              "type": "string",
              "format": null,
              "required": false,
              "deprecated": false
            },
            {
              "paramType": "form",
              "name": "migration_selection[url]",
              "description": "The url of the external tool",
              "type": "string",
              "format": null,
              "required": false,
              "deprecated": false
            },
            {
              "paramType": "form",
              "name": "migration_selection[enabled]",
              "description": "Set this to enable this feature",
              "type": "boolean",
              "format": null,
              "required": false,
              "deprecated": false
            },
            {
              "paramType": "form",
              "name": "migration_selection[message_type]",
              "description": "Set this to ContentItemSelectionRequest to tell the tool to use\ncontent-item; otherwise, omit",
              "type": "string",
              "format": null,
              "required": false,
              "deprecated": false
            },
            {
              "paramType": "form",
              "name": "tool_configuration[url]",
              "description": "The url of the external tool",
              "type": "string",
              "format": null,
              "required": false,
              "deprecated": false
            },
            {
              "paramType": "form",
              "name": "tool_configuration[enabled]",
              "description": "Set this to enable this feature",
              "type": "boolean",
              "format": null,
              "required": false,
              "deprecated": false
            },
            {
              "paramType": "form",
              "name": "tool_configuration[message_type]",
              "description": "Set this to ContentItemSelectionRequest to tell the tool to use\ncontent-item; otherwise, omit",
              "type": "string",
              "format": null,
              "required": false,
              "deprecated": false
            },
            {
              "paramType": "form",
              "name": "tool_configuration[prefer_sis_email]",
              "description": "Set this to default the lis_person_contact_email_primary to prefer\nprovisioned sis_email; otherwise, omit",
              "type": "boolean",
              "format": null,
              "required": false,
              "deprecated": false
            },
            {
              "paramType": "form",
              "name": "resource_selection[url]",
              "description": "The url of the external tool",
              "type": "string",
              "format": null,
              "required": false,
              "deprecated": false
            },
            {
              "paramType": "form",
              "name": "resource_selection[enabled]",
              "description": "Set this to enable this feature. If set to false,\nnot_selectable must also be set to true in order to hide this tool\nfrom the selection UI in modules and assignments.",
              "type": "boolean",
              "format": null,
              "required": false,
              "deprecated": false
            },
            {
              "paramType": "form",
              "name": "resource_selection[icon_url]",
              "description": "The url of the icon to show in the module external tool list",
              "type": "string",
              "format": null,
              "required": false,
              "deprecated": false
            },
            {
              "paramType": "form",
              "name": "resource_selection[selection_width]",
              "description": "The width of the dialog the tool is launched in",
              "type": "string",
              "format": null,
              "required": false,
              "deprecated": false
            },
            {
              "paramType": "form",
              "name": "resource_selection[selection_height]",
              "description": "The height of the dialog the tool is launched in",
              "type": "string",
              "format": null,
              "required": false,
              "deprecated": false
            },
            {
              "paramType": "form",
              "name": "config_type",
              "description": "Configuration can be passed in as CC xml instead of using query\nparameters. If this value is \"by_url\" or \"by_xml\" then an xml\nconfiguration will be expected in either the \"config_xml\" or \"config_url\"\nparameter. Note that the name parameter overrides the tool name provided\nin the xml",
              "type": "string",
              "format": null,
              "required": false,
              "deprecated": false
            },
            {
              "paramType": "form",
              "name": "config_xml",
              "description": "XML tool configuration, as specified in the CC xml specification. This is\nrequired if \"config_type\" is set to \"by_xml\"",
              "type": "string",
              "format": null,
              "required": false,
              "deprecated": false
            },
            {
              "paramType": "form",
              "name": "config_url",
              "description": "URL where the server can retrieve an XML tool configuration, as specified\nin the CC xml specification. This is required if \"config_type\" is set to\n\"by_url\"",
              "type": "string",
              "format": null,
              "required": false,
              "deprecated": false
            },
            {
              "paramType": "form",
              "name": "not_selectable",
              "description": "Default: false. If set to true, and if resource_selection is set to false,\nthe tool won't show up in the external tool\nselection UI in modules and assignments",
              "type": "boolean",
              "format": null,
              "required": false,
              "deprecated": false
            },
            {
              "paramType": "form",
              "name": "oauth_compliant",
              "description": "Default: false, if set to true LTI query params will not be copied to the\npost body.",
              "type": "boolean",
              "format": null,
              "required": false,
              "deprecated": false
            }
          ],
          "response_fields": [],
          "deprecated": false,
          "deprecation_description": "",
          "type": "void"
        }
      ]
    },
    {
      "path": "/v1/courses/{course_id}/external_tools/{external_tool_id}",
      "description": "Update the specified external tool. Uses same parameters as create",
      "operations": [
        {
          "method": "PUT",
          "summary": "Edit an external tool",
          "notes": "Update the specified external tool. Uses same parameters as create",
          "nickname": "edit_external_tool_courses",
          "parameters": [
            {
              "paramType": "path",
              "name": "course_id",
              "description": "ID",
              "type": "string",
              "format": null,
              "required": true,
              "deprecated": false
            },
            {
              "paramType": "path",
              "name": "external_tool_id",
              "description": "ID",
              "type": "string",
              "format": null,
              "required": true,
              "deprecated": false
            }
          ],
          "response_fields": [],
          "deprecated": false,
          "deprecation_description": "",
          "type": "void"
        }
      ]
    },
    {
      "path": "/v1/accounts/{account_id}/external_tools/{external_tool_id}",
      "description": "Update the specified external tool. Uses same parameters as create",
      "operations": [
        {
          "method": "PUT",
          "summary": "Edit an external tool",
          "notes": "Update the specified external tool. Uses same parameters as create",
          "nickname": "edit_external_tool_accounts",
          "parameters": [
            {
              "paramType": "path",
              "name": "account_id",
              "description": "ID",
              "type": "string",
              "format": null,
              "required": true,
              "deprecated": false
            },
            {
              "paramType": "path",
              "name": "external_tool_id",
              "description": "ID",
              "type": "string",
              "format": null,
              "required": true,
              "deprecated": false
            }
          ],
          "response_fields": [],
          "deprecated": false,
          "deprecation_description": "",
          "type": "void"
        }
      ]
    },
    {
      "path": "/v1/courses/{course_id}/external_tools/{external_tool_id}",
      "description": "Remove the specified external tool",
      "operations": [
        {
          "method": "DELETE",
          "summary": "Delete an external tool",
          "notes": "Remove the specified external tool",
          "nickname": "delete_external_tool_courses",
          "parameters": [
            {
              "paramType": "path",
              "name": "course_id",
              "description": "ID",
              "type": "string",
              "format": null,
              "required": true,
              "deprecated": false
            },
            {
              "paramType": "path",
              "name": "external_tool_id",
              "description": "ID",
              "type": "string",
              "format": null,
              "required": true,
              "deprecated": false
            }
          ],
          "response_fields": [],
          "deprecated": false,
          "deprecation_description": "",
          "type": "void"
        }
      ]
    },
    {
      "path": "/v1/accounts/{account_id}/external_tools/{external_tool_id}",
      "description": "Remove the specified external tool",
      "operations": [
        {
          "method": "DELETE",
          "summary": "Delete an external tool",
          "notes": "Remove the specified external tool",
          "nickname": "delete_external_tool_accounts",
          "parameters": [
            {
              "paramType": "path",
              "name": "account_id",
              "description": "ID",
              "type": "string",
              "format": null,
              "required": true,
              "deprecated": false
            },
            {
              "paramType": "path",
              "name": "external_tool_id",
              "description": "ID",
              "type": "string",
              "format": null,
              "required": true,
              "deprecated": false
            }
          ],
          "response_fields": [],
          "deprecated": false,
          "deprecation_description": "",
          "type": "void"
        }
      ]
    },
    {
      "path": "/v1/accounts/{account_id}/external_tools/rce_favorites/{id}",
      "description": "Add the specified editor_button external tool to a preferred location in the RCE\nfor courses in the given account and its subaccounts (if the subaccounts\nhaven't set their own RCE Favorites). Cannot set more than 2 RCE Favorites.",
      "operations": [
        {
          "method": "POST",
          "summary": "Add tool to RCE Favorites",
          "notes": "Add the specified editor_button external tool to a preferred location in the RCE\nfor courses in the given account and its subaccounts (if the subaccounts\nhaven't set their own RCE Favorites). Cannot set more than 2 RCE Favorites.",
          "nickname": "add_tool_to_rce_favorites",
          "parameters": [
            {
              "paramType": "path",
              "name": "account_id",
              "description": "ID",
              "type": "string",
              "format": null,
              "required": true,
              "deprecated": false
            },
            {
              "paramType": "path",
              "name": "id",
              "description": "ID",
              "type": "string",
              "format": null,
              "required": true,
              "deprecated": false
            }
          ],
          "response_fields": [],
          "deprecated": false,
          "deprecation_description": "",
          "type": "void"
        }
      ]
    },
    {
      "path": "/v1/accounts/{account_id}/external_tools/rce_favorites/{id}",
      "description": "Remove the specified external tool from a preferred location in the RCE\nfor the given account",
      "operations": [
        {
          "method": "DELETE",
          "summary": "Remove tool from RCE Favorites",
          "notes": "Remove the specified external tool from a preferred location in the RCE\nfor the given account",
          "nickname": "remove_tool_from_rce_favorites",
          "parameters": [
            {
              "paramType": "path",
              "name": "account_id",
              "description": "ID",
              "type": "string",
              "format": null,
              "required": true,
              "deprecated": false
            },
            {
              "paramType": "path",
              "name": "id",
              "description": "ID",
              "type": "string",
              "format": null,
              "required": true,
              "deprecated": false
            }
          ],
          "response_fields": [],
          "deprecated": false,
          "deprecation_description": "",
          "type": "void"
        }
      ]
    },
    {
      "path": "/v1/external_tools/visible_course_nav_tools",
      "description": "Get a list of external tools with the course_navigation placement that have not been hidden in\ncourse settings and whose visibility settings apply to the requesting user. These tools are the\nsame that appear in the course navigation.\n\nThe response format is the same as for List external tools, but with additional context_id and\ncontext_name fields on each element in the array.",
      "operations": [
        {
          "method": "GET",
          "summary": "Get visible course navigation tools",
          "notes": "Get a list of external tools with the course_navigation placement that have not been hidden in\ncourse settings and whose visibility settings apply to the requesting user. These tools are the\nsame that appear in the course navigation.\n\nThe response format is the same as for List external tools, but with additional context_id and\ncontext_name fields on each element in the array.",
          "nickname": "get_visible_course_navigation_tools",
          "parameters": [
            {
              "paramType": "query",
              "name": "context_codes",
              "description": "List of context_codes to retrieve visible course nav tools for (for example, +course_123+). Only\ncourses are presently supported.",
              "type": "array",
              "format": null,
              "required": true,
              "deprecated": false,
              "items": {
                "type": "string"
              }
            }
          ],
          "response_fields": [
            {
              "name": "context_id",
              "description": "The unique identifier of the associated context",
              "deprecated": false
            },
            {
              "name": "context_name",
              "description": "The name of the associated context",
              "deprecated": false
            }
          ],
          "deprecated": false,
          "deprecation_description": "",
          "type": "void"
        }
      ]
    },
    {
      "path": "/v1/courses/{course_id}/external_tools/visible_course_nav_tools",
      "description": "Get a list of external tools with the course_navigation placement that have not been hidden in\ncourse settings and whose visibility settings apply to the requesting user. These tools are the\nsame that appear in the course navigation.\n\nThe response format is the same as Get visible course navigation tools.",
      "operations": [
        {
          "method": "GET",
          "summary": "Get visible course navigation tools for a single course",
          "notes": "Get a list of external tools with the course_navigation placement that have not been hidden in\ncourse settings and whose visibility settings apply to the requesting user. These tools are the\nsame that appear in the course navigation.\n\nThe response format is the same as Get visible course navigation tools.",
          "nickname": "get_visible_course_navigation_tools_for_single_course",
          "parameters": [
            {
              "paramType": "path",
              "name": "course_id",
              "description": "ID",
              "type": "string",
              "format": null,
              "required": true,
              "deprecated": false
            }
          ],
          "response_fields": [],
          "deprecated": false,
          "deprecation_description": "",
          "type": "void"
        }
      ]
    }
  ],
  "models": {}
}
