{
  "apiVersion": "1.0",
  "swaggerVersion": "1.2",
  "basePath": "http://localhost:3000/api",
  "resourcePath": "/gradebook_history",
  "produces": [
    "application/json"
  ],
  "apis": [
    {
      "path": "/v1/courses/{course_id}/gradebook_history/days",
      "description": "Returns a map of dates to grader/assignment groups",
      "operations": [
        {
          "method": "GET",
          "summary": "Days in gradebook history for this course",
          "notes": "Returns a map of dates to grader/assignment groups",
          "nickname": "days_in_gradebook_history_for_this_course",
          "parameters": [
            {
              "paramType": "path",
              "name": "course_id",
              "description": "The id of the contextual course for this API call",
              "type": "integer",
              "format": "int64",
              "required": true,
              "deprecated": false
            }
          ],
          "response_fields": [],
          "deprecated": false,
          "deprecation_description": "",
          "type": "array",
          "items": {
            "$ref": "Day"
          }
        }
      ]
    },
    {
      "path": "/v1/courses/{course_id}/gradebook_history/{date}",
      "description": "Returns the graders who worked on this day, along with the assignments they worked on.\nMore details can be obtained by selecting a grader and assignment and calling the\n'submissions' api endpoint for a given date.",
      "operations": [
        {
          "method": "GET",
          "summary": "Details for a given date in gradebook history for this course",
          "notes": "Returns the graders who worked on this day, along with the assignments they worked on.\nMore details can be obtained by selecting a grader and assignment and calling the\n'submissions' api endpoint for a given date.",
          "nickname": "details_for_given_date_in_gradebook_history_for_this_course",
          "parameters": [
            {
              "paramType": "path",
              "name": "course_id",
              "description": "The id of the contextual course for this API call",
              "type": "integer",
              "format": "int64",
              "required": true,
              "deprecated": false
            },
            {
              "paramType": "path",
              "name": "date",
              "description": "The date for which you would like to see detailed information",
              "type": "string",
              "format": null,
              "required": true,
              "deprecated": false
            }
          ],
          "response_fields": [],
          "deprecated": false,
          "deprecation_description": "",
          "type": "array",
          "items": {
            "$ref": "Grader"
          }
        }
      ]
    },
    {
      "path": "/v1/courses/{course_id}/gradebook_history/{date}/graders/{grader_id}/assignments/{assignment_id}/submissions",
      "description": "Gives a nested list of submission versions",
      "operations": [
        {
          "method": "GET",
          "summary": "Lists submissions",
          "notes": "Gives a nested list of submission versions",
          "nickname": "lists_submissions",
          "parameters": [
            {
              "paramType": "path",
              "name": "course_id",
              "description": "The id of the contextual course for this API call",
              "type": "integer",
              "format": "int64",
              "required": true,
              "deprecated": false
            },
            {
              "paramType": "path",
              "name": "date",
              "description": "The date for which you would like to see submissions",
              "type": "string",
              "format": null,
              "required": true,
              "deprecated": false
            },
            {
              "paramType": "path",
              "name": "grader_id",
              "description": "The ID of the grader for which you want to see submissions",
              "type": "integer",
              "format": "int64",
              "required": true,
              "deprecated": false
            },
            {
              "paramType": "path",
              "name": "assignment_id",
              "description": "The ID of the assignment for which you want to see submissions",
              "type": "integer",
              "format": "int64",
              "required": true,
              "deprecated": false
            }
          ],
          "response_fields": [],
          "deprecated": false,
          "deprecation_description": "",
          "type": "array",
          "items": {
            "$ref": "SubmissionHistory"
          }
        }
      ]
    },
    {
      "path": "/v1/courses/{course_id}/gradebook_history/feed",
      "description": "Gives a paginated, uncollated list of submission versions for all matching\nsubmissions in the context. This SubmissionVersion objects will not include\nthe +new_grade+ or +previous_grade+ keys, only the +grade+; same for\n+graded_at+ and +grader+.",
      "operations": [
        {
          "method": "GET",
          "summary": "List uncollated submission versions",
          "notes": "Gives a paginated, uncollated list of submission versions for all matching\nsubmissions in the context. This SubmissionVersion objects will not include\nthe +new_grade+ or +previous_grade+ keys, only the +grade+; same for\n+graded_at+ and +grader+.",
          "nickname": "list_uncollated_submission_versions",
          "parameters": [
            {
              "paramType": "path",
              "name": "course_id",
              "description": "The id of the contextual course for this API call",
              "type": "integer",
              "format": "int64",
              "required": true,
              "deprecated": false
            },
            {
              "paramType": "query",
              "name": "assignment_id",
              "description": "The ID of the assignment for which you want to see submissions. If\nabsent, versions of submissions from any assignment in the course are\nincluded.",
              "type": "integer",
              "format": "int64",
              "required": false,
              "deprecated": false
            },
            {
              "paramType": "query",
              "name": "user_id",
              "description": "The ID of the user for which you want to see submissions. If absent,\nversions of submissions from any user in the course are included.",
              "type": "integer",
              "format": "int64",
              "required": false,
              "deprecated": false
            },
            {
              "paramType": "query",
              "name": "ascending",
              "description": "Returns submission versions in ascending date order (oldest first). If\nabsent, returns submission versions in descending date order (newest\nfirst).",
              "type": "boolean",
              "format": null,
              "required": false,
              "deprecated": false
            }
          ],
          "response_fields": [],
          "deprecated": false,
          "deprecation_description": "",
          "type": "array",
          "items": {
            "$ref": "SubmissionVersion"
          }
        }
      ]
    }
  ],
  "models": {
    "Grader": {
      "id": "Grader",
      "description": "",
      "required": [],
      "deprecated": false,
      "deprecation_description": null,
      "properties": {
        "id": {
          "description": "the user_id of the user who graded the contained submissions",
          "example": 27,
          "type": "integer"
        },
        "name": {
          "description": "the name of the user who graded the contained submissions",
          "example": "Some User",
          "type": "string"
        },
        "assignments": {
          "description": "the assignment groups for all submissions in this response that were graded by this user.  The details are not nested inside here, but the fact that an assignment is present here means that the grader did grade submissions for this assignment on the contextual date. You can use the id of a grader and of an assignment to make another API call to find all submissions for a grader/assignment combination on a given date.",
          "example": [
            1,
            2,
            3
          ],
          "type": "array",
          "items": {
            "type": "integer"
          }
        }
      }
    },
    "Day": {
      "id": "Day",
      "description": "",
      "required": [],
      "deprecated": false,
      "deprecation_description": null,
      "properties": {
        "date": {
          "description": "the date represented by this entry",
          "example": "1986-08-09",
          "type": "datetime"
        },
        "graders": {
          "description": "an array of the graders who were responsible for the submissions in this response. the submissions are grouped according to the person who graded them and the assignment they were submitted for.",
          "example": "[]",
          "type": "integer"
        }
      }
    },
    "SubmissionVersion": {
      "id": "SubmissionVersion",
      "description": "A SubmissionVersion object contains all the fields that a Submission object does, plus additional fields prefixed with current_* new_* and previous_* described below.",
      "required": [],
      "deprecated": false,
      "deprecation_description": null,
      "properties": {
        "assignment_id": {
          "description": "the id of the assignment this submissions is for",
          "example": 22604,
          "type": "integer"
        },
        "assignment_name": {
          "description": "the name of the assignment this submission is for",
          "example": "some assignment",
          "type": "string"
        },
        "body": {
          "description": "the body text of the submission",
          "example": "text from the submission",
          "type": "string"
        },
        "current_grade": {
          "description": "the most up to date grade for the current version of this submission",
          "example": "100",
          "type": "string"
        },
        "current_graded_at": {
          "description": "the latest time stamp for the grading of this submission",
          "example": "2013-01-31T18:16:31Z",
          "type": "datetime"
        },
        "current_grader": {
          "description": "the name of the most recent grader for this submission",
          "example": "Grader Name",
          "type": "string"
        },
        "grade_matches_current_submission": {
          "description": "boolean indicating whether the grade is equal to the current submission grade",
          "example": true,
          "type": "boolean"
        },
        "graded_at": {
          "description": "time stamp for the grading of this version of the submission",
          "example": "2013-01-31T18:16:31Z",
          "type": "datetime"
        },
        "grader": {
          "description": "the name of the user who graded this version of the submission",
          "example": "Grader Name",
          "type": "string"
        },
        "grader_id": {
          "description": "the user id of the user who graded this version of the submission",
          "example": 67379,
          "type": "integer"
        },
        "id": {
          "description": "the id of the submission of which this is a version",
          "example": 11607,
          "type": "integer"
        },
        "new_grade": {
          "description": "the updated grade provided in this version of the submission",
          "example": "100",
          "type": "string"
        },
        "new_graded_at": {
          "description": "the timestamp for the grading of this version of the submission (alias for graded_at)",
          "example": "2013-01-31T18:16:31Z",
          "type": "datetime"
        },
        "new_grader": {
          "description": "alias for 'grader'",
          "example": "Grader Name",
          "type": "string"
        },
        "previous_grade": {
          "description": "the grade for the submission version immediately preceding this one",
          "example": "90",
          "type": "string"
        },
        "previous_graded_at": {
          "description": "the timestamp for the grading of the submission version immediately preceding this one",
          "example": "2013-01-29T12:12:12Z",
          "type": "datetime"
        },
        "previous_grader": {
          "description": "the name of the grader who graded the version of this submission immediately preceding this one",
          "example": "Graded on submission",
          "type": "string"
        },
        "score": {
          "description": "the score for this version of the submission",
          "example": 100,
          "type": "integer"
        },
        "user_name": {
          "description": "the name of the student who created this submission",
          "example": "student@example.com",
          "type": "string"
        },
        "submission_type": {
          "description": "the type of submission",
          "example": "online",
          "type": "string"
        },
        "url": {
          "description": "the url of the submission, if there is one",
          "type": "string"
        },
        "user_id": {
          "description": "the user ID of the student who created this submission",
          "example": 67376,
          "type": "integer"
        },
        "workflow_state": {
          "description": "the state of the submission at this version",
          "example": "unsubmitted",
          "type": "string"
        }
      }
    },
    "SubmissionHistory": {
      "id": "SubmissionHistory",
      "description": "",
      "required": [],
      "deprecated": false,
      "deprecation_description": null,
      "properties": {
        "submission_id": {
          "description": "the id of the submission",
          "example": 4,
          "type": "integer"
        },
        "versions": {
          "description": "an array of all the versions of this submission",
          "type": "array",
          "items": {
            "$ref": "SubmissionVersion"
          }
        }
      }
    }
  }
}
