{
  "apiVersion": "1.0",
  "swaggerVersion": "1.2",
  "basePath": "http://localhost:3000/api",
  "resourcePath": "/names_and_role",
  "produces": [
    "application/json"
  ],
  "apis": [
    {
      "path": "/lti/courses/{course_id}/names_and_roles",
      "description": "Return active NamesAndRoleMemberships in the given course.",
      "operations": [
        {
          "method": "GET",
          "summary": "List Course Memberships",
          "notes": "Return active NamesAndRoleMemberships in the given course.",
          "nickname": "list_course_memberships",
          "parameters": [
            {
              "paramType": "path",
              "name": "course_id",
              "description": "ID",
              "type": "string",
              "format": null,
              "required": true,
              "deprecated": false
            },
            {
              "paramType": "query",
              "name": "rlid",
              "description": "If specified only NamesAndRoleMemberships with access to the LTI link references by this `rlid` will be included.\nAlso causes the member array to be included for each returned NamesAndRoleMembership.\nIf the `role` parameter is also present, it will be 'and-ed' together with this parameter",
              "type": "string",
              "format": null,
              "required": false,
              "deprecated": false
            },
            {
              "paramType": "query",
              "name": "role",
              "description": "If specified only NamesAndRoleMemberships having this role in the given Course will be included.\nValue must be a fully-qualified LTI/LIS role URN.\nIf the `rlid` parameter is also present, it will be 'and-ed' together with this parameter",
              "type": "string",
              "format": null,
              "required": false,
              "deprecated": false
            },
            {
              "paramType": "query",
              "name": "limit",
              "description": "May be used to limit the number of NamesAndRoleMemberships returned in a page. Defaults to 50.",
              "type": "string",
              "format": null,
              "required": false,
              "deprecated": false
            }
          ],
          "response_fields": [],
          "deprecated": false,
          "deprecation_description": "",
          "type": "NamesAndRoleMemberships"
        }
      ]
    },
    {
      "path": "/lti/groups/{group_id}/names_and_roles",
      "description": "Return active NamesAndRoleMemberships in the given group.",
      "operations": [
        {
          "method": "GET",
          "summary": "List Group Memberships",
          "notes": "Return active NamesAndRoleMemberships in the given group.",
          "nickname": "list_group_memberships",
          "parameters": [
            {
              "paramType": "path",
              "name": "group_id",
              "description": "ID",
              "type": "string",
              "format": null,
              "required": true,
              "deprecated": false
            },
            {
              "paramType": "query",
              "name": "`rlid`",
              "description": "If specified only NamesAndRoleMemberships with access to the LTI link references by this `rlid` will be included.\nAlso causes the member array to be included for each returned NamesAndRoleMembership.\nIf the role parameter is also present, it will be 'and-ed' together with this parameter",
              "type": "string",
              "format": null,
              "required": false,
              "deprecated": false
            },
            {
              "paramType": "query",
              "name": "role",
              "description": "If specified only NamesAndRoleMemberships having this role in the given Group will be included.\nValue must be a fully-qualified LTI/LIS role URN. Further, only\nhttp://purl.imsglobal.org/vocab/lis/v2/membership#Member and\nhttp://purl.imsglobal.org/vocab/lis/v2/membership#Manager are supported.\nIf the `rlid` parameter is also present, it will be 'and-ed' together with this parameter",
              "type": "string",
              "format": null,
              "required": false,
              "deprecated": false
            },
            {
              "paramType": "query",
              "name": "limit",
              "description": "May be used to limit the number of NamesAndRoleMemberships returned in a page. Defaults to 50.",
              "type": "string",
              "format": null,
              "required": false,
              "deprecated": false
            }
          ],
          "response_fields": [],
          "deprecated": false,
          "deprecation_description": "",
          "type": "NamesAndRoleMemberships"
        }
      ]
    }
  ],
  "models": {
    "NamesAndRoleContext": {
      "id": "NamesAndRoleContext",
      "description": "An abbreviated representation of an LTI Context",
      "required": [],
      "deprecated": false,
      "deprecation_description": null,
      "properties": {
        "id": {
          "description": "LTI Context unique identifier",
          "example": "4dde05e8ca1973bcca9bffc13e1548820eee93a3",
          "type": "string"
        },
        "label": {
          "description": "LTI Context short name or code",
          "example": "CS-101",
          "type": "string"
        },
        "title": {
          "description": "LTI Context full name",
          "example": "Computer Science 101",
          "type": "string"
        }
      }
    },
    "NamesAndRoleMessage": {
      "id": "NamesAndRoleMessage",
      "description": "Additional attributes which would appear in the LTI launch message were this member to click the specified resource link (`rlid` query parameter)",
      "required": [],
      "deprecated": false,
      "deprecation_description": null,
      "properties": {
        "https://purl.imsglobal.org/spec/lti/claim/message_type": {
          "description": "The type of LTI message being described. Always set to 'LtiResourceLinkRequest'",
          "enum": [
            "LtiResourceLinkRequest"
          ],
          "type": "string",
          "example": "LtiResourceLinkRequest"
        },
        "locale": {
          "description": "The member's preferred locale",
          "type": "string",
          "example": "en"
        },
        "https://www.instructure.com/canvas_user_id": {
          "description": "The member's API ID",
          "type": "integer",
          "example": 1
        },
        "https://www.instructure.com/canvas_user_login_id": {
          "description": "The member's primary login username",
          "type": "string",
          "example": "showell@school.edu"
        },
        "https://purl.imsglobal.org/spec/lti/claim/custom": {
          "description": "Expanded LTI custom parameters that pertain to the member (as opposed to the Context)",
          "type": "object",
          "example": {
            "message_locale": "en",
            "person_address_timezone": "America/Denver"
          }
        }
      }
    },
    "NamesAndRoleMembership": {
      "id": "NamesAndRoleMembership",
      "description": "A member of a LTI Context in one or more roles",
      "required": [],
      "deprecated": false,
      "deprecation_description": null,
      "properties": {
        "status": {
          "description": "Membership state",
          "enum": [
            "Active"
          ],
          "example": "Active",
          "type": "string"
        },
        "name": {
          "description": "Member's full name. Only included if tool privacy level is `public` or `name_only`.",
          "example": "Sienna Howell",
          "type": "string"
        },
        "picture": {
          "description": "URL to the member's avatar. Only included if tool privacy level is `public`.",
          "example": "https://example.instructure.com/images/messages/avatar-50.png",
          "type": "string"
        },
        "given_name": {
          "description": "Member's 'first' name. Only included if tool privacy level is `public` or `name_only`.",
          "example": "Sienna",
          "type": "string"
        },
        "family_name": {
          "description": "Member's 'last' name. Only included if tool privacy level is `public` or `name_only`.",
          "example": "Howell",
          "type": "string"
        },
        "email": {
          "description": "Member's email address. Only included if tool privacy level is `public` or `email_only`.",
          "example": "showell@school.edu",
          "type": "string"
        },
        "lis_person_sourcedid": {
          "description": "Member's primary SIS identifier. Only included if tool privacy level is `public` or `name_only`.",
          "example": "1238.8763.00",
          "type": "string"
        },
        "user_id": {
          "description": "Member's unique LTI identifier.",
          "example": "535fa085f22b4655f48cd5a36a9215f64c062838",
          "type": "string"
        },
        "roles": {
          "description": "Member's roles in the current Context, expressed as LTI/LIS URNs.",
          "items": {
            "type": "string",
            "enum": [
              "http://purl.imsglobal.org/vocab/lis/v2/membership/Instructor#TeachingAssistant",
              "http://purl.imsglobal.org/vocab/lis/v2/membership#Learner",
              "http://purl.imsglobal.org/vocab/lis/v2/membership#Instructor",
              "http://purl.imsglobal.org/vocab/lis/v2/membership#ContentDeveloper",
              "http://purl.imsglobal.org/vocab/lis/v2/membership#Mentor",
              "http://purl.imsglobal.org/vocab/lis/v2/membership#Member",
              "http://purl.imsglobal.org/vocab/lis/v2/membership#Manager"
            ]
          },
          "type": "array",
          "example": [
            "http://purl.imsglobal.org/vocab/lis/v2/membership#Instructor",
            "http://purl.imsglobal.org/vocab/lis/v2/membership#ContentDeveloper"
          ]
        },
        "message": {
          "description": "Only present when the request specifies a `rlid` query parameter. Contains additional attributes which would appear in the LTI launch message were this member to click the link referenced by the `rlid` query parameter",
          "type": "array",
          "items": {
            "$ref": "NamesAndRoleMessage"
          },
          "example": [
            {
              "https://purl.imsglobal.org/spec/lti/claim/message_type": "LtiResourceLinkRequest",
              "locale": "en",
              "https://www.instructure.com/canvas_user_id": 1,
              "https://www.instructure.com/canvas_user_login_id": "showell@school.edu",
              "https://purl.imsglobal.org/spec/lti/claim/custom": {
                "message_locale": "en",
                "person_address_timezone": "America/Denver"
              }
            }
          ]
        }
      }
    },
    "NamesAndRoleMemberships": {
      "id": "NamesAndRoleMemberships",
      "description": "",
      "required": [],
      "deprecated": false,
      "deprecation_description": null,
      "properties": {
        "id": {
          "description": "Invocation URL",
          "example": "https://example.instructure.com/api/lti/courses/1/names_and_roles?tlid=f91ca4d8-fa84-4a9b-b08e-47d5527416b0",
          "type": "string"
        },
        "context": {
          "description": "The LTI Context containing the memberships",
          "$ref": "NamesAndRoleContext",
          "example": {
            "id": "4dde05e8ca1973bcca9bffc13e1548820eee93a3",
            "label": "CS-101",
            "title": "Computer Science 101"
          }
        },
        "members": {
          "type": "array",
          "description": "A list of NamesAndRoleMembership",
          "items": {
            "$ref": "NamesAndRoleMembership"
          },
          "example": [
            {
              "status": "Active",
              "name": "Sienna Howell",
              "picture": "https://example.instructure.com/images/messages/avatar-50.png",
              "given_name": "Sienna",
              "family_name": "Howell",
              "email": "showell@school.edu",
              "lis_person_sourcedid": "1238.8763.00",
              "user_id": "535fa085f22b4655f48cd5a36a9215f64c062838",
              "roles": [
                "http://purl.imsglobal.org/vocab/lis/v2/membership#Instructor",
                "http://purl.imsglobal.org/vocab/lis/v2/membership#ContentDeveloper"
              ],
              "message": [
                {
                  "https://purl.imsglobal.org/spec/lti/claim/message_type": "LtiResourceLinkRequest",
                  "locale": "en",
                  "https://www.instructure.com/canvas_user_id": 1,
                  "https://www.instructure.com/canvas_user_login_id": "showell@school.edu",
                  "https://purl.imsglobal.org/spec/lti/claim/custom": {
                    "message_locale": "en",
                    "person_address_timezone": "America/Denver"
                  }
                }
              ]
            },
            {
              "status": "Active",
              "name": "Terrence Walls",
              "picture": "https://example.instructure.com/images/messages/avatar-51.png",
              "given_name": "Terrence",
              "family_name": "Walls",
              "email": "twalls@school.edu",
              "lis_person_sourcedid": "5790.3390.11",
              "user_id": "86157096483e6b3a50bfedc6bac902c0b20a824f",
              "roles": [
                "http://purl.imsglobal.org/vocab/lis/v2/membership#Learner"
              ],
              "message": [
                {
                  "https://purl.imsglobal.org/spec/lti/claim/message_type": "LtiResourceLinkRequest",
                  "locale": "de",
                  "https://www.instructure.com/canvas_user_id": 2,
                  "https://www.instructure.com/canvas_user_login_id": "twalls@school.edu",
                  "https://purl.imsglobal.org/spec/lti/claim/custom": {
                    "message_locale": "en",
                    "person_address_timezone": "Europe/Berlin"
                  }
                }
              ]
            }
          ]
        }
      }
    }
  }
}
