{
  "apiVersion": "1.0",
  "swaggerVersion": "1.2",
  "basePath": "http://localhost:3000/api",
  "resourcePath": "/notification_preferences",
  "produces": [
    "application/json"
  ],
  "apis": [
    {
      "path": "/v1/users/{user_id}/communication_channels/{communication_channel_id}/notification_preferences",
      "description": "Fetch all preferences for the given communication channel",
      "operations": [
        {
          "method": "GET",
          "summary": "List preferences",
          "notes": "Fetch all preferences for the given communication channel",
          "nickname": "list_preferences_communication_channel_id",
          "parameters": [
            {
              "paramType": "path",
              "name": "user_id",
              "description": "ID",
              "type": "string",
              "format": null,
              "required": true,
              "deprecated": false
            },
            {
              "paramType": "path",
              "name": "communication_channel_id",
              "description": "ID",
              "type": "string",
              "format": null,
              "required": true,
              "deprecated": false
            }
          ],
          "response_fields": [],
          "deprecated": false,
          "deprecation_description": "",
          "type": "array",
          "items": {
            "$ref": "NotificationPreference"
          }
        }
      ]
    },
    {
      "path": "/v1/users/{user_id}/communication_channels/{type}/{address}/notification_preferences",
      "description": "Fetch all preferences for the given communication channel",
      "operations": [
        {
          "method": "GET",
          "summary": "List preferences",
          "notes": "Fetch all preferences for the given communication channel",
          "nickname": "list_preferences_type",
          "parameters": [
            {
              "paramType": "path",
              "name": "user_id",
              "description": "ID",
              "type": "string",
              "format": null,
              "required": true,
              "deprecated": false
            },
            {
              "paramType": "path",
              "name": "type",
              "description": "ID",
              "type": "string",
              "format": null,
              "required": true,
              "deprecated": false
            },
            {
              "paramType": "path",
              "name": "address",
              "description": "ID",
              "type": "string",
              "format": null,
              "required": true,
              "deprecated": false
            }
          ],
          "response_fields": [],
          "deprecated": false,
          "deprecation_description": "",
          "type": "array",
          "items": {
            "$ref": "NotificationPreference"
          }
        }
      ]
    },
    {
      "path": "/v1/users/{user_id}/communication_channels/{communication_channel_id}/notification_preference_categories",
      "description": "Fetch all notification preference categories for the given communication channel",
      "operations": [
        {
          "method": "GET",
          "summary": "List of preference categories",
          "notes": "Fetch all notification preference categories for the given communication channel",
          "nickname": "list_of_preference_categories",
          "parameters": [
            {
              "paramType": "path",
              "name": "user_id",
              "description": "ID",
              "type": "string",
              "format": null,
              "required": true,
              "deprecated": false
            },
            {
              "paramType": "path",
              "name": "communication_channel_id",
              "description": "ID",
              "type": "string",
              "format": null,
              "required": true,
              "deprecated": false
            }
          ],
          "response_fields": [],
          "deprecated": false,
          "deprecation_description": "",
          "type": "void"
        }
      ]
    },
    {
      "path": "/v1/users/{user_id}/communication_channels/{communication_channel_id}/notification_preferences/{notification}",
      "description": "Fetch the preference for the given notification for the given communication channel",
      "operations": [
        {
          "method": "GET",
          "summary": "Get a preference",
          "notes": "Fetch the preference for the given notification for the given communication channel",
          "nickname": "get_preference_communication_channel_id",
          "parameters": [
            {
              "paramType": "path",
              "name": "user_id",
              "description": "ID",
              "type": "string",
              "format": null,
              "required": true,
              "deprecated": false
            },
            {
              "paramType": "path",
              "name": "communication_channel_id",
              "description": "ID",
              "type": "string",
              "format": null,
              "required": true,
              "deprecated": false
            },
            {
              "paramType": "path",
              "name": "notification",
              "description": "ID",
              "type": "string",
              "format": null,
              "required": true,
              "deprecated": false
            }
          ],
          "response_fields": [],
          "deprecated": false,
          "deprecation_description": "",
          "type": "NotificationPreference"
        }
      ]
    },
    {
      "path": "/v1/users/{user_id}/communication_channels/{type}/{address}/notification_preferences/{notification}",
      "description": "Fetch the preference for the given notification for the given communication channel",
      "operations": [
        {
          "method": "GET",
          "summary": "Get a preference",
          "notes": "Fetch the preference for the given notification for the given communication channel",
          "nickname": "get_preference_type",
          "parameters": [
            {
              "paramType": "path",
              "name": "user_id",
              "description": "ID",
              "type": "string",
              "format": null,
              "required": true,
              "deprecated": false
            },
            {
              "paramType": "path",
              "name": "type",
              "description": "ID",
              "type": "string",
              "format": null,
              "required": true,
              "deprecated": false
            },
            {
              "paramType": "path",
              "name": "address",
              "description": "ID",
              "type": "string",
              "format": null,
              "required": true,
              "deprecated": false
            },
            {
              "paramType": "path",
              "name": "notification",
              "description": "ID",
              "type": "string",
              "format": null,
              "required": true,
              "deprecated": false
            }
          ],
          "response_fields": [],
          "deprecated": false,
          "deprecation_description": "",
          "type": "NotificationPreference"
        }
      ]
    },
    {
      "path": "/v1/users/self/communication_channels/{communication_channel_id}/notification_preferences/{notification}",
      "description": "Change the preference for a single notification for a single communication channel",
      "operations": [
        {
          "method": "PUT",
          "summary": "Update a preference",
          "notes": "Change the preference for a single notification for a single communication channel",
          "nickname": "update_preference_communication_channel_id",
          "parameters": [
            {
              "paramType": "path",
              "name": "communication_channel_id",
              "description": "ID",
              "type": "string",
              "format": null,
              "required": true,
              "deprecated": false
            },
            {
              "paramType": "path",
              "name": "notification",
              "description": "ID",
              "type": "string",
              "format": null,
              "required": true,
              "deprecated": false
            },
            {
              "paramType": "form",
              "name": "notification_preferences[frequency]",
              "description": "The desired frequency for this notification",
              "type": "string",
              "format": null,
              "required": true,
              "deprecated": false
            }
          ],
          "response_fields": [],
          "deprecated": false,
          "deprecation_description": "",
          "type": "void"
        }
      ]
    },
    {
      "path": "/v1/users/self/communication_channels/{type}/{address}/notification_preferences/{notification}",
      "description": "Change the preference for a single notification for a single communication channel",
      "operations": [
        {
          "method": "PUT",
          "summary": "Update a preference",
          "notes": "Change the preference for a single notification for a single communication channel",
          "nickname": "update_preference_type",
          "parameters": [
            {
              "paramType": "path",
              "name": "type",
              "description": "ID",
              "type": "string",
              "format": null,
              "required": true,
              "deprecated": false
            },
            {
              "paramType": "path",
              "name": "address",
              "description": "ID",
              "type": "string",
              "format": null,
              "required": true,
              "deprecated": false
            },
            {
              "paramType": "path",
              "name": "notification",
              "description": "ID",
              "type": "string",
              "format": null,
              "required": true,
              "deprecated": false
            },
            {
              "paramType": "form",
              "name": "notification_preferences[frequency]",
              "description": "The desired frequency for this notification",
              "type": "string",
              "format": null,
              "required": true,
              "deprecated": false
            }
          ],
          "response_fields": [],
          "deprecated": false,
          "deprecation_description": "",
          "type": "void"
        }
      ]
    },
    {
      "path": "/v1/users/self/communication_channels/{communication_channel_id}/notification_preference_categories/{category}",
      "description": "Change the preferences for multiple notifications based on the category for a single communication channel",
      "operations": [
        {
          "method": "PUT",
          "summary": "Update preferences by category",
          "notes": "Change the preferences for multiple notifications based on the category for a single communication channel",
          "nickname": "update_preferences_by_category",
          "parameters": [
            {
              "paramType": "path",
              "name": "communication_channel_id",
              "description": "ID",
              "type": "string",
              "format": null,
              "required": true,
              "deprecated": false
            },
            {
              "paramType": "path",
              "name": "category",
              "description": "The name of the category. Must be parameterized (e.g. The category \"Course Content\" should be \"course_content\")",
              "type": "string",
              "format": null,
              "required": true,
              "deprecated": false
            },
            {
              "paramType": "form",
              "name": "notification_preferences[frequency]",
              "description": "The desired frequency for each notification in the category",
              "type": "string",
              "format": null,
              "required": true,
              "deprecated": false
            }
          ],
          "response_fields": [],
          "deprecated": false,
          "deprecation_description": "",
          "type": "void"
        }
      ]
    },
    {
      "path": "/v1/users/self/communication_channels/{communication_channel_id}/notification_preferences",
      "description": "Change the preferences for multiple notifications for a single communication channel at once",
      "operations": [
        {
          "method": "PUT",
          "summary": "Update multiple preferences",
          "notes": "Change the preferences for multiple notifications for a single communication channel at once",
          "nickname": "update_multiple_preferences_communication_channel_id",
          "parameters": [
            {
              "paramType": "path",
              "name": "communication_channel_id",
              "description": "ID",
              "type": "string",
              "format": null,
              "required": true,
              "deprecated": false
            },
            {
              "paramType": "form",
              "name": "notification_preferences[<X>][frequency]",
              "description": "The desired frequency for <X> notification",
              "type": "string",
              "format": null,
              "required": true,
              "deprecated": false
            }
          ],
          "response_fields": [],
          "deprecated": false,
          "deprecation_description": "",
          "type": "void"
        }
      ]
    },
    {
      "path": "/v1/users/self/communication_channels/{type}/{address}/notification_preferences",
      "description": "Change the preferences for multiple notifications for a single communication channel at once",
      "operations": [
        {
          "method": "PUT",
          "summary": "Update multiple preferences",
          "notes": "Change the preferences for multiple notifications for a single communication channel at once",
          "nickname": "update_multiple_preferences_type",
          "parameters": [
            {
              "paramType": "path",
              "name": "type",
              "description": "ID",
              "type": "string",
              "format": null,
              "required": true,
              "deprecated": false
            },
            {
              "paramType": "path",
              "name": "address",
              "description": "ID",
              "type": "string",
              "format": null,
              "required": true,
              "deprecated": false
            },
            {
              "paramType": "form",
              "name": "notification_preferences[<X>][frequency]",
              "description": "The desired frequency for <X> notification",
              "type": "string",
              "format": null,
              "required": true,
              "deprecated": false
            }
          ],
          "response_fields": [],
          "deprecated": false,
          "deprecation_description": "",
          "type": "void"
        }
      ]
    }
  ],
  "models": {
    "NotificationPreference": {
      "id": "NotificationPreference",
      "description": "",
      "required": [],
      "deprecated": false,
      "deprecation_description": null,
      "properties": {
        "href": {
          "example": "https://canvas.instructure.com/users/1/communication_channels/email/student@example.edu/notification_preferences/new_announcement",
          "type": "string"
        },
        "notification": {
          "description": "The notification this preference belongs to",
          "example": "new_announcement",
          "type": "string"
        },
        "category": {
          "description": "The category of that notification",
          "example": "announcement",
          "type": "string"
        },
        "frequency": {
          "description": "How often to send notifications to this communication channel for the given notification. Possible values are 'immediately', 'daily', 'weekly', and 'never'",
          "example": "daily",
          "type": "string",
          "allowableValues": {
            "values": [
              "immediately",
              "daily",
              "weekly",
              "never"
            ]
          }
        }
      }
    }
  }
}
