{
  "apiVersion": "1.0",
  "swaggerVersion": "1.2",
  "basePath": "http://localhost:3000/api",
  "resourcePath": "/outcomes",
  "produces": [
    "application/json"
  ],
  "apis": [
    {
      "path": "/v1/outcomes/{id}",
      "description": "Returns the details of the outcome with the given id.",
      "operations": [
        {
          "method": "GET",
          "summary": "Show an outcome",
          "notes": "Returns the details of the outcome with the given id.",
          "nickname": "show_outcome",
          "parameters": [
            {
              "paramType": "path",
              "name": "id",
              "description": "ID",
              "type": "string",
              "format": null,
              "required": true,
              "deprecated": false
            },
            {
              "paramType": "query",
              "name": "add_defaults",
              "description": "If defaults are requested, then color and mastery level defaults will be\nadded to outcome ratings in the result. This will only take effect if\nthe Account Level Mastery Scales FF is DISABLED",
              "type": "boolean",
              "format": null,
              "required": false,
              "deprecated": false
            }
          ],
          "response_fields": [],
          "deprecated": false,
          "deprecation_description": "",
          "type": "Outcome"
        }
      ]
    },
    {
      "path": "/v1/outcomes/{id}",
      "description": "Modify an existing outcome. Fields not provided are left as is;\nunrecognized fields are ignored.\n\nIf any new ratings are provided, the combination of all new ratings\nprovided completely replace any existing embedded rubric criterion; it is\nnot possible to tweak the ratings of the embedded rubric criterion.\n\nA new embedded rubric criterion's mastery_points default to the maximum\npoints in the highest rating if not specified in the mastery_points\nparameter. Any new ratings lacking a description are given a default of \"No\ndescription\". Any new ratings lacking a point value are given a default of\n0.",
      "operations": [
        {
          "method": "PUT",
          "summary": "Update an outcome",
          "notes": "Modify an existing outcome. Fields not provided are left as is;\nunrecognized fields are ignored.\n\nIf any new ratings are provided, the combination of all new ratings\nprovided completely replace any existing embedded rubric criterion; it is\nnot possible to tweak the ratings of the embedded rubric criterion.\n\nA new embedded rubric criterion's mastery_points default to the maximum\npoints in the highest rating if not specified in the mastery_points\nparameter. Any new ratings lacking a description are given a default of \"No\ndescription\". Any new ratings lacking a point value are given a default of\n0.",
          "nickname": "update_outcome",
          "parameters": [
            {
              "paramType": "path",
              "name": "id",
              "description": "ID",
              "type": "string",
              "format": null,
              "required": true,
              "deprecated": false
            },
            {
              "paramType": "form",
              "name": "title",
              "description": "The new outcome title.",
              "type": "string",
              "format": null,
              "required": false,
              "deprecated": false
            },
            {
              "paramType": "form",
              "name": "display_name",
              "description": "A friendly name shown in reports for outcomes with cryptic titles,\nsuch as common core standards names.",
              "type": "string",
              "format": null,
              "required": false,
              "deprecated": false
            },
            {
              "paramType": "form",
              "name": "description",
              "description": "The new outcome description.",
              "type": "string",
              "format": null,
              "required": false,
              "deprecated": false
            },
            {
              "paramType": "form",
              "name": "vendor_guid",
              "description": "A custom GUID for the learning standard.",
              "type": "string",
              "format": null,
              "required": false,
              "deprecated": false
            },
            {
              "paramType": "form",
              "name": "mastery_points",
              "description": "The new mastery threshold for the embedded rubric criterion.",
              "type": "integer",
              "format": "int64",
              "required": false,
              "deprecated": false
            },
            {
              "paramType": "form",
              "name": "ratings[description]",
              "description": "The description of a new rating level for the embedded rubric criterion.",
              "type": "array",
              "format": null,
              "required": false,
              "deprecated": false,
              "items": {
                "type": "string"
              }
            },
            {
              "paramType": "form",
              "name": "ratings[points]",
              "description": "The points corresponding to a new rating level for the embedded rubric\ncriterion.",
              "type": "array",
              "format": "int64",
              "required": false,
              "deprecated": false,
              "items": {
                "type": "integer"
              }
            },
            {
              "paramType": "form",
              "name": "calculation_method",
              "description": "The new calculation method.",
              "type": "string",
              "format": null,
              "required": false,
              "deprecated": false,
              "enum": [
                "decaying_average",
                "n_mastery",
                "latest",
                "highest",
                "average"
              ]
            },
            {
              "paramType": "form",
              "name": "calculation_int",
              "description": "The new calculation int.  Only applies if the calculation_method is \"decaying_average\" or \"n_mastery\"",
              "type": "integer",
              "format": "int64",
              "required": false,
              "deprecated": false
            },
            {
              "paramType": "form",
              "name": "add_defaults",
              "description": "If defaults are requested, then color and mastery level defaults will be\nadded to outcome ratings in the result. This will only take effect if\nthe Account Level Mastery Scales FF is DISABLED",
              "type": "boolean",
              "format": null,
              "required": false,
              "deprecated": false
            }
          ],
          "response_fields": [],
          "deprecated": false,
          "deprecation_description": "",
          "type": "Outcome"
        }
      ]
    },
    {
      "path": "/v1/courses/{course_id}/outcome_alignments",
      "description": "",
      "operations": [
        {
          "method": "GET",
          "summary": "Get aligned assignments for an outcome in a course for a particular student",
          "notes": "",
          "nickname": "get_aligned_assignments_for_outcome_in_course_for_particular_student",
          "parameters": [
            {
              "paramType": "path",
              "name": "course_id",
              "description": "The id of the course",
              "type": "integer",
              "format": "int64",
              "required": true,
              "deprecated": false
            },
            {
              "paramType": "query",
              "name": "student_id",
              "description": "The id of the student",
              "type": "integer",
              "format": "int64",
              "required": false,
              "deprecated": false
            }
          ],
          "response_fields": [],
          "deprecated": false,
          "deprecation_description": "",
          "type": "array",
          "items": {
            "$ref": "OutcomeAlignment"
          }
        }
      ]
    }
  ],
  "models": {
    "Outcome": {
      "id": "Outcome",
      "description": "",
      "required": [],
      "deprecated": false,
      "deprecation_description": null,
      "properties": {
        "id": {
          "description": "the ID of the outcome",
          "example": 1,
          "type": "integer"
        },
        "url": {
          "description": "the URL for fetching/updating the outcome. should be treated as opaque",
          "example": "/api/v1/outcomes/1",
          "type": "string"
        },
        "context_id": {
          "description": "the context owning the outcome. may be null for global outcomes",
          "example": 1,
          "type": "integer"
        },
        "context_type": {
          "example": "Account",
          "type": "string"
        },
        "title": {
          "description": "title of the outcome",
          "example": "Outcome title",
          "type": "string"
        },
        "display_name": {
          "description": "Optional friendly name for reporting",
          "example": "My Favorite Outcome",
          "type": "string"
        },
        "description": {
          "description": "description of the outcome. omitted in the abbreviated form.",
          "example": "Outcome description",
          "type": "string"
        },
        "vendor_guid": {
          "description": "A custom GUID for the learning standard.",
          "example": "customid9000",
          "type": "string"
        },
        "points_possible": {
          "description": "maximum points possible. included only if the outcome embeds a rubric criterion. omitted in the abbreviated form.",
          "example": 5,
          "type": "integer"
        },
        "mastery_points": {
          "description": "points necessary to demonstrate mastery outcomes. included only if the outcome embeds a rubric criterion. omitted in the abbreviated form.",
          "example": 3,
          "type": "integer"
        },
        "calculation_method": {
          "description": "the method used to calculate a students score",
          "example": "decaying_average",
          "type": "string",
          "allowableValues": {
            "values": [
              "decaying_average",
              "n_mastery",
              "latest",
              "highest",
              "average"
            ]
          }
        },
        "calculation_int": {
          "description": "this defines the variable value used by the calculation_method. included only if calculation_method uses it",
          "example": 65,
          "type": "integer"
        },
        "ratings": {
          "description": "possible ratings for this outcome. included only if the outcome embeds a rubric criterion. omitted in the abbreviated form.",
          "type": "array",
          "items": {
            "$ref": "RubricRating"
          }
        },
        "can_edit": {
          "description": "whether the current user can update the outcome",
          "example": true,
          "type": "boolean"
        },
        "can_unlink": {
          "description": "whether the outcome can be unlinked",
          "example": true,
          "type": "boolean"
        },
        "assessed": {
          "description": "whether this outcome has been used to assess a student",
          "example": true,
          "type": "boolean"
        },
        "has_updateable_rubrics": {
          "description": "whether updates to this outcome will propagate to unassessed rubrics that have imported it",
          "example": true,
          "type": "boolean"
        }
      }
    },
    "OutcomeAlignment": {
      "id": "OutcomeAlignment",
      "description": "",
      "required": [],
      "deprecated": false,
      "deprecation_description": null,
      "properties": {
        "id": {
          "description": "the id of the aligned learning outcome.",
          "example": 1,
          "type": "integer"
        },
        "assignment_id": {
          "description": "the id of the aligned assignment (null for live assessments).",
          "example": 2,
          "type": "integer"
        },
        "assessment_id": {
          "description": "the id of the aligned live assessment (null for assignments).",
          "example": 3,
          "type": "integer"
        },
        "submission_types": {
          "description": "a string representing the different submission types of an aligned assignment.",
          "example": "online_text_entry,online_url",
          "type": "string"
        },
        "url": {
          "description": "the URL for the aligned assignment.",
          "example": "/courses/1/assignments/5",
          "type": "string"
        },
        "title": {
          "description": "the title of the aligned assignment.",
          "example": "Unit 1 test",
          "type": "string"
        }
      }
    }
  }
}
