{
  "apiVersion": "1.0",
  "swaggerVersion": "1.2",
  "basePath": "http://localhost:3000/api",
  "resourcePath": "/plagiarism_detection_submissions",
  "produces": [
    "application/json"
  ],
  "apis": [
    {
      "path": "/lti/assignments/{assignment_id}/submissions/{submission_id}",
      "description": "Get a single submission, based on submission id.",
      "operations": [
        {
          "method": "GET",
          "summary": "Get a single submission",
          "notes": "Get a single submission, based on submission id.",
          "nickname": "get_single_submission",
          "parameters": [
            {
              "paramType": "path",
              "name": "assignment_id",
              "description": "ID",
              "type": "string",
              "format": null,
              "required": true,
              "deprecated": false
            },
            {
              "paramType": "path",
              "name": "submission_id",
              "description": "ID",
              "type": "string",
              "format": null,
              "required": true,
              "deprecated": false
            }
          ],
          "response_fields": [],
          "deprecated": false,
          "deprecation_description": "",
          "type": "void"
        }
      ]
    },
    {
      "path": "/lti/assignments/{assignment_id}/submissions/{submission_id}/history",
      "description": "Get a list of all attempts made for a submission, based on submission id.",
      "operations": [
        {
          "method": "GET",
          "summary": "Get the history of a single submission",
          "notes": "Get a list of all attempts made for a submission, based on submission id.",
          "nickname": "get_history_of_single_submission",
          "parameters": [
            {
              "paramType": "path",
              "name": "assignment_id",
              "description": "ID",
              "type": "string",
              "format": null,
              "required": true,
              "deprecated": false
            },
            {
              "paramType": "path",
              "name": "submission_id",
              "description": "ID",
              "type": "string",
              "format": null,
              "required": true,
              "deprecated": false
            }
          ],
          "response_fields": [],
          "deprecated": false,
          "deprecation_description": "",
          "type": "void"
        }
      ]
    }
  ],
  "models": {
    "Submission": {
      "id": "Submission",
      "description": "",
      "required": [],
      "deprecated": false,
      "deprecation_description": null,
      "properties": {
        "lti_course_id": {
          "example": "66157096483e6b3a50bfedc6bac902c0b20a8241",
          "type": "string"
        },
        "course_id": {
          "example": 10000000000060,
          "type": "integer"
        },
        "assignment_id": {
          "description": "The submission's assignment id",
          "example": 23,
          "type": "integer"
        },
        "attempt": {
          "description": "This is the submission attempt number.",
          "example": 1,
          "type": "integer"
        },
        "body": {
          "description": "The content of the submission, if it was submitted directly in a text field.",
          "example": "There are three factors too...",
          "type": "string"
        },
        "submission_type": {
          "description": "The types of submission ex: ('online_text_entry'|'online_url'|'online_upload'|'media_recording'|'student_annotation')",
          "example": "online_text_entry",
          "type": "string",
          "allowableValues": {
            "values": [
              "online_text_entry",
              "online_url",
              "online_upload",
              "media_recording",
              "student_annotation"
            ]
          }
        },
        "submitted_at": {
          "description": "The timestamp when the assignment was submitted",
          "example": "2012-01-01T01:00:00Z",
          "type": "datetime"
        },
        "url": {
          "description": "The URL of the submission (for 'online_url' submissions).",
          "type": "string"
        },
        "user_id": {
          "description": "The id of the user who created the submission",
          "example": 134,
          "type": "integer"
        },
        "eula_agreement_timestamp": {
          "description": "UTC timestamp showing when the user agreed to the EULA (if given by the tool provider)",
          "example": "1508250487578",
          "type": "string"
        },
        "workflow_state": {
          "description": "The current state of the submission",
          "example": "submitted",
          "type": "string",
          "allowableValues": {
            "values": [
              "graded",
              "submitted",
              "unsubmitted",
              "pending_review"
            ]
          }
        },
        "attachments": {
          "description": "Files that are attached to the submission",
          "$ref": "File"
        }
      }
    },
    "File": {
      "id": "File",
      "description": "",
      "required": [],
      "deprecated": false,
      "deprecation_description": null,
      "properties": {
        "size": {
          "example": 4,
          "type": "integer"
        },
        "content-type": {
          "example": "text/plain",
          "type": "string"
        },
        "url": {
          "example": "http://www.example.com/files/569/download?download_frd=1&verifier=c6HdZmxOZa0Fiin2cbvZeI8I5ry7yqD7RChQzb6P",
          "type": "string"
        },
        "id": {
          "example": 569,
          "type": "integer"
        },
        "display_name": {
          "example": "file.txt",
          "type": "string"
        },
        "created_at": {
          "example": "2012-07-06T14:58:50Z",
          "type": "datetime"
        },
        "updated_at": {
          "example": "2012-07-06T14:58:50Z",
          "type": "datetime"
        }
      }
    }
  }
}
