{
  "apiVersion": "1.0",
  "swaggerVersion": "1.2",
  "basePath": "http://localhost:3000/api",
  "resourcePath": "/poll_submissions",
  "produces": [
    "application/json"
  ],
  "apis": [
    {
      "path": "/v1/polls/{poll_id}/poll_sessions/{poll_session_id}/poll_submissions/{id}",
      "description": "Returns the poll submission with the given id",
      "operations": [
        {
          "method": "GET",
          "summary": "Get a single poll submission",
          "notes": "Returns the poll submission with the given id",
          "nickname": "get_single_poll_submission",
          "parameters": [
            {
              "paramType": "path",
              "name": "poll_id",
              "description": "ID",
              "type": "string",
              "format": null,
              "required": true,
              "deprecated": false
            },
            {
              "paramType": "path",
              "name": "poll_session_id",
              "description": "ID",
              "type": "string",
              "format": null,
              "required": true,
              "deprecated": false
            },
            {
              "paramType": "path",
              "name": "id",
              "description": "ID",
              "type": "string",
              "format": null,
              "required": true,
              "deprecated": false
            }
          ],
          "response_fields": [],
          "deprecated": false,
          "deprecation_description": "",
          "type": "void"
        }
      ]
    },
    {
      "path": "/v1/polls/{poll_id}/poll_sessions/{poll_session_id}/poll_submissions",
      "description": "Create a new poll submission for this poll session",
      "operations": [
        {
          "method": "POST",
          "summary": "Create a single poll submission",
          "notes": "Create a new poll submission for this poll session",
          "nickname": "create_single_poll_submission",
          "parameters": [
            {
              "paramType": "path",
              "name": "poll_id",
              "description": "ID",
              "type": "string",
              "format": null,
              "required": true,
              "deprecated": false
            },
            {
              "paramType": "path",
              "name": "poll_session_id",
              "description": "ID",
              "type": "string",
              "format": null,
              "required": true,
              "deprecated": false
            },
            {
              "paramType": "form",
              "name": "poll_submissions[poll_choice_id]",
              "description": "The chosen poll choice for this submission.",
              "type": "array",
              "format": "int64",
              "required": true,
              "deprecated": false,
              "items": {
                "type": "integer"
              }
            }
          ],
          "response_fields": [],
          "deprecated": false,
          "deprecation_description": "",
          "type": "void"
        }
      ]
    }
  ],
  "models": {
    "PollSubmission": {
      "id": "PollSubmission",
      "description": "",
      "required": [
        "id",
        "poll_choice"
      ],
      "deprecated": false,
      "deprecation_description": null,
      "properties": {
        "id": {
          "description": "The unique identifier for the poll submission.",
          "example": 1023,
          "type": "integer"
        },
        "poll_choice_id": {
          "description": "The unique identifier of the poll choice chosen for this submission.",
          "example": 155,
          "type": "integer"
        },
        "user_id": {
          "description": "the unique identifier of the user who submitted this poll submission.",
          "example": 4555,
          "type": "integer"
        },
        "created_at": {
          "description": "The date and time the poll submission was submitted.",
          "example": "2013-11-07T13:16:18Z",
          "type": "string",
          "format": "date-time"
        }
      }
    }
  }
}
