{
  "apiVersion": "1.0",
  "swaggerVersion": "1.2",
  "basePath": "http://localhost:3000/api",
  "resourcePath": "/polls",
  "produces": [
    "application/json"
  ],
  "apis": [
    {
      "path": "/v1/polls",
      "description": "Returns the paginated list of polls for the current user.",
      "operations": [
        {
          "method": "GET",
          "summary": "List polls",
          "notes": "Returns the paginated list of polls for the current user.",
          "nickname": "list_polls",
          "parameters": [],
          "response_fields": [],
          "deprecated": false,
          "deprecation_description": "",
          "type": "void"
        }
      ]
    },
    {
      "path": "/v1/polls/{id}",
      "description": "Returns the poll with the given id",
      "operations": [
        {
          "method": "GET",
          "summary": "Get a single poll",
          "notes": "Returns the poll with the given id",
          "nickname": "get_single_poll",
          "parameters": [
            {
              "paramType": "path",
              "name": "id",
              "description": "ID",
              "type": "string",
              "format": null,
              "required": true,
              "deprecated": false
            }
          ],
          "response_fields": [],
          "deprecated": false,
          "deprecation_description": "",
          "type": "void"
        }
      ]
    },
    {
      "path": "/v1/polls",
      "description": "Create a new poll for the current user",
      "operations": [
        {
          "method": "POST",
          "summary": "Create a single poll",
          "notes": "Create a new poll for the current user",
          "nickname": "create_single_poll",
          "parameters": [
            {
              "paramType": "form",
              "name": "polls[question]",
              "description": "The title of the poll.",
              "type": "array",
              "format": null,
              "required": true,
              "deprecated": false,
              "items": {
                "type": "string"
              }
            },
            {
              "paramType": "form",
              "name": "polls[description]",
              "description": "A brief description or instructions for the poll.",
              "type": "array",
              "format": null,
              "required": false,
              "deprecated": false,
              "items": {
                "type": "string"
              }
            }
          ],
          "response_fields": [],
          "deprecated": false,
          "deprecation_description": "",
          "type": "void"
        }
      ]
    },
    {
      "path": "/v1/polls/{id}",
      "description": "Update an existing poll belonging to the current user",
      "operations": [
        {
          "method": "PUT",
          "summary": "Update a single poll",
          "notes": "Update an existing poll belonging to the current user",
          "nickname": "update_single_poll",
          "parameters": [
            {
              "paramType": "path",
              "name": "id",
              "description": "ID",
              "type": "string",
              "format": null,
              "required": true,
              "deprecated": false
            },
            {
              "paramType": "form",
              "name": "polls[question]",
              "description": "The title of the poll.",
              "type": "array",
              "format": null,
              "required": true,
              "deprecated": false,
              "items": {
                "type": "string"
              }
            },
            {
              "paramType": "form",
              "name": "polls[description]",
              "description": "A brief description or instructions for the poll.",
              "type": "array",
              "format": null,
              "required": false,
              "deprecated": false,
              "items": {
                "type": "string"
              }
            }
          ],
          "response_fields": [],
          "deprecated": false,
          "deprecation_description": "",
          "type": "void"
        }
      ]
    },
    {
      "path": "/v1/polls/{id}",
      "description": "<b>204 No Content</b> response code is returned if the deletion was successful.",
      "operations": [
        {
          "method": "DELETE",
          "summary": "Delete a poll",
          "notes": "<b>204 No Content</b> response code is returned if the deletion was successful.",
          "nickname": "delete_poll",
          "parameters": [
            {
              "paramType": "path",
              "name": "id",
              "description": "ID",
              "type": "string",
              "format": null,
              "required": true,
              "deprecated": false
            }
          ],
          "response_fields": [],
          "deprecated": false,
          "deprecation_description": "",
          "type": "void"
        }
      ]
    }
  ],
  "models": {
    "Poll": {
      "id": "Poll",
      "description": "",
      "required": [
        "id",
        "question"
      ],
      "deprecated": false,
      "deprecation_description": null,
      "properties": {
        "id": {
          "description": "The unique identifier for the poll.",
          "example": 1023,
          "type": "integer"
        },
        "question": {
          "description": "The question/title of the poll.",
          "type": "string",
          "example": "What do you consider most important to your learning in this course?"
        },
        "description": {
          "description": "A short description of the poll.",
          "type": "string",
          "example": "This poll is to determine what priorities the students in the course have."
        },
        "created_at": {
          "description": "The time at which the poll was created.",
          "example": "2014-01-07T15:16:18Z",
          "type": "string",
          "format": "date-time"
        },
        "user_id": {
          "description": "The unique identifier for the user that created the poll.",
          "example": 105,
          "type": "integer"
        },
        "total_results": {
          "description": "An aggregate of the results of all associated poll sessions, with the poll choice id as the key, and the aggregated submission count as the value.",
          "example": {
            "543": 20,
            "544": 5,
            "545": 17
          },
          "type": "object"
        }
      }
    }
  }
}
