{
  "apiVersion": "1.0",
  "swaggerVersion": "1.2",
  "basePath": "http://localhost:3000/api",
  "resourcePath": "/quiz_ip_filters",
  "produces": [
    "application/json"
  ],
  "apis": [
    {
      "path": "/v1/courses/{course_id}/quizzes/{quiz_id}/ip_filters",
      "description": "Get a list of available IP filters for this Quiz.\n\n<b>200 OK</b> response code is returned if the request was successful.",
      "operations": [
        {
          "method": "GET",
          "summary": "Get available quiz IP filters.",
          "notes": "Get a list of available IP filters for this Quiz.\n\n<b>200 OK</b> response code is returned if the request was successful.",
          "nickname": "get_available_quiz_ip_filters",
          "parameters": [
            {
              "paramType": "path",
              "name": "course_id",
              "description": "ID",
              "type": "string",
              "format": null,
              "required": true,
              "deprecated": false
            },
            {
              "paramType": "path",
              "name": "quiz_id",
              "description": "ID",
              "type": "string",
              "format": null,
              "required": true,
              "deprecated": false
            }
          ],
          "response_fields": [],
          "deprecated": false,
          "deprecation_description": "",
          "type": "void"
        }
      ]
    }
  ],
  "models": {
    "QuizIPFilter": {
      "id": "QuizIPFilter",
      "description": "",
      "required": [
        "name",
        "account",
        "filter"
      ],
      "deprecated": false,
      "deprecation_description": null,
      "properties": {
        "name": {
          "description": "A unique name for the filter.",
          "example": "Current Filter",
          "type": "string"
        },
        "account": {
          "description": "Name of the Account (or Quiz) the IP filter is defined in.",
          "example": "Some Quiz",
          "type": "string"
        },
        "filter": {
          "description": "An IP address (or range mask) this filter embodies.",
          "example": "192.168.1.1/24",
          "type": "string"
        }
      }
    }
  }
}
