{
  "apiVersion": "1.0",
  "swaggerVersion": "1.2",
  "basePath": "http://localhost:3000/api",
  "resourcePath": "/quiz_submissions",
  "produces": [
    "application/json"
  ],
  "apis": [
    {
      "path": "/v1/courses/{course_id}/quizzes/{quiz_id}/submissions",
      "description": "Get a list of all submissions for this quiz. Users who can view or manage\ngrades for a course will have submissions from multiple users returned. A\nuser who can only submit will have only their own submissions returned. When\na user has an in-progress submission, only that submission is returned. When\nthere isn't an in-progress quiz_submission, all completed submissions,\nincluding previous attempts, are returned.\n\n<b>200 OK</b> response code is returned if the request was successful.",
      "operations": [
        {
          "method": "GET",
          "summary": "Get all quiz submissions.",
          "notes": "Get a list of all submissions for this quiz. Users who can view or manage\ngrades for a course will have submissions from multiple users returned. A\nuser who can only submit will have only their own submissions returned. When\na user has an in-progress submission, only that submission is returned. When\nthere isn't an in-progress quiz_submission, all completed submissions,\nincluding previous attempts, are returned.\n\n<b>200 OK</b> response code is returned if the request was successful.",
          "nickname": "get_all_quiz_submissions",
          "parameters": [
            {
              "paramType": "path",
              "name": "course_id",
              "description": "ID",
              "type": "string",
              "format": null,
              "required": true,
              "deprecated": false
            },
            {
              "paramType": "path",
              "name": "quiz_id",
              "description": "ID",
              "type": "string",
              "format": null,
              "required": true,
              "deprecated": false
            },
            {
              "paramType": "query",
              "name": "include",
              "description": "Associations to include with the quiz submission.",
              "type": "array",
              "format": null,
              "required": false,
              "deprecated": false,
              "enum": [
                "submission",
                "quiz",
                "user"
              ],
              "items": {
                "type": "string"
              }
            }
          ],
          "response_fields": [],
          "deprecated": false,
          "deprecation_description": "",
          "type": "void"
        }
      ]
    },
    {
      "path": "/v1/courses/{course_id}/quizzes/{quiz_id}/submission",
      "description": "Get the submission for this quiz for the current user.\n\n<b>200 OK</b> response code is returned if the request was successful.",
      "operations": [
        {
          "method": "GET",
          "summary": "Get the quiz submission.",
          "notes": "Get the submission for this quiz for the current user.\n\n<b>200 OK</b> response code is returned if the request was successful.",
          "nickname": "get_quiz_submission",
          "parameters": [
            {
              "paramType": "path",
              "name": "course_id",
              "description": "ID",
              "type": "string",
              "format": null,
              "required": true,
              "deprecated": false
            },
            {
              "paramType": "path",
              "name": "quiz_id",
              "description": "ID",
              "type": "string",
              "format": null,
              "required": true,
              "deprecated": false
            },
            {
              "paramType": "query",
              "name": "include",
              "description": "Associations to include with the quiz submission.",
              "type": "array",
              "format": null,
              "required": false,
              "deprecated": false,
              "enum": [
                "submission",
                "quiz",
                "user"
              ],
              "items": {
                "type": "string"
              }
            }
          ],
          "response_fields": [],
          "deprecated": false,
          "deprecation_description": "",
          "type": "void"
        }
      ]
    },
    {
      "path": "/v1/courses/{course_id}/quizzes/{quiz_id}/submissions/{id}",
      "description": "Get a single quiz submission.\n\n<b>200 OK</b> response code is returned if the request was successful.",
      "operations": [
        {
          "method": "GET",
          "summary": "Get a single quiz submission.",
          "notes": "Get a single quiz submission.\n\n<b>200 OK</b> response code is returned if the request was successful.",
          "nickname": "get_single_quiz_submission",
          "parameters": [
            {
              "paramType": "path",
              "name": "course_id",
              "description": "ID",
              "type": "string",
              "format": null,
              "required": true,
              "deprecated": false
            },
            {
              "paramType": "path",
              "name": "quiz_id",
              "description": "ID",
              "type": "string",
              "format": null,
              "required": true,
              "deprecated": false
            },
            {
              "paramType": "path",
              "name": "id",
              "description": "ID",
              "type": "string",
              "format": null,
              "required": true,
              "deprecated": false
            },
            {
              "paramType": "query",
              "name": "include",
              "description": "Associations to include with the quiz submission.",
              "type": "array",
              "format": null,
              "required": false,
              "deprecated": false,
              "enum": [
                "submission",
                "quiz",
                "user"
              ],
              "items": {
                "type": "string"
              }
            }
          ],
          "response_fields": [],
          "deprecated": false,
          "deprecation_description": "",
          "type": "void"
        }
      ]
    },
    {
      "path": "/v1/courses/{course_id}/quizzes/{quiz_id}/submissions",
      "description": "Start taking a Quiz by creating a QuizSubmission which you can use to answer\nquestions and submit your answers.\n\n<b>Responses</b>\n\n* <b>200 OK</b> if the request was successful\n* <b>400 Bad Request</b> if the quiz is locked\n* <b>403 Forbidden</b> if an invalid access code is specified\n* <b>403 Forbidden</b> if the Quiz's IP filter restriction does not pass\n* <b>409 Conflict</b> if a QuizSubmission already exists for this user and quiz",
      "operations": [
        {
          "method": "POST",
          "summary": "Create the quiz submission (start a quiz-taking session)",
          "notes": "Start taking a Quiz by creating a QuizSubmission which you can use to answer\nquestions and submit your answers.\n\n<b>Responses</b>\n\n* <b>200 OK</b> if the request was successful\n* <b>400 Bad Request</b> if the quiz is locked\n* <b>403 Forbidden</b> if an invalid access code is specified\n* <b>403 Forbidden</b> if the Quiz's IP filter restriction does not pass\n* <b>409 Conflict</b> if a QuizSubmission already exists for this user and quiz",
          "nickname": "create_quiz_submission_start_quiz_taking_session",
          "parameters": [
            {
              "paramType": "path",
              "name": "course_id",
              "description": "ID",
              "type": "string",
              "format": null,
              "required": true,
              "deprecated": false
            },
            {
              "paramType": "path",
              "name": "quiz_id",
              "description": "ID",
              "type": "string",
              "format": null,
              "required": true,
              "deprecated": false
            },
            {
              "paramType": "form",
              "name": "access_code",
              "description": "Access code for the Quiz, if any.",
              "type": "string",
              "format": null,
              "required": false,
              "deprecated": false
            },
            {
              "paramType": "form",
              "name": "preview",
              "description": "Whether this should be a preview QuizSubmission and not count towards\nthe user's course record. Teachers only.",
              "type": "boolean",
              "format": null,
              "required": false,
              "deprecated": false
            }
          ],
          "response_fields": [],
          "deprecated": false,
          "deprecation_description": "",
          "type": "void"
        }
      ]
    },
    {
      "path": "/v1/courses/{course_id}/quizzes/{quiz_id}/submissions/{id}",
      "description": "Update the amount of points a student has scored for questions they've\nanswered, provide comments for the student about their answer(s), or simply\nfudge the total score by a specific amount of points.\n\n<b>Responses</b>\n\n* <b>200 OK</b> if the request was successful\n* <b>403 Forbidden</b> if you are not a teacher in this course\n* <b>400 Bad Request</b> if the attempt parameter is missing or invalid\n* <b>400 Bad Request</b> if the specified QS attempt is not yet complete",
      "operations": [
        {
          "method": "PUT",
          "summary": "Update student question scores and comments.",
          "notes": "Update the amount of points a student has scored for questions they've\nanswered, provide comments for the student about their answer(s), or simply\nfudge the total score by a specific amount of points.\n\n<b>Responses</b>\n\n* <b>200 OK</b> if the request was successful\n* <b>403 Forbidden</b> if you are not a teacher in this course\n* <b>400 Bad Request</b> if the attempt parameter is missing or invalid\n* <b>400 Bad Request</b> if the specified QS attempt is not yet complete",
          "nickname": "update_student_question_scores_and_comments",
          "parameters": [
            {
              "paramType": "path",
              "name": "course_id",
              "description": "ID",
              "type": "string",
              "format": null,
              "required": true,
              "deprecated": false
            },
            {
              "paramType": "path",
              "name": "quiz_id",
              "description": "ID",
              "type": "string",
              "format": null,
              "required": true,
              "deprecated": false
            },
            {
              "paramType": "path",
              "name": "id",
              "description": "ID",
              "type": "string",
              "format": null,
              "required": true,
              "deprecated": false
            },
            {
              "paramType": "form",
              "name": "quiz_submissions[attempt]",
              "description": "The attempt number of the quiz submission that should be updated. This\nattempt MUST be already completed.",
              "type": "array",
              "format": "int64",
              "required": true,
              "deprecated": false,
              "items": {
                "type": "integer"
              }
            },
            {
              "paramType": "form",
              "name": "quiz_submissions[fudge_points]",
              "description": "Amount of positive or negative points to fudge the total score by.",
              "type": "array",
              "format": "float",
              "required": false,
              "deprecated": false,
              "items": {
                "type": "number"
              }
            },
            {
              "paramType": "form",
              "name": "quiz_submissions[questions]",
              "description": "A set of scores and comments for each question answered by the student.\nThe keys are the question IDs, and the values are hashes of `score` and\n`comment` entries. See {Appendix: Manual Scoring} for more on this\nparameter.",
              "type": "array",
              "format": null,
              "required": false,
              "deprecated": false,
              "items": {
                "$ref": "Hash"
              }
            }
          ],
          "response_fields": [],
          "deprecated": false,
          "deprecation_description": "",
          "type": "void"
        }
      ]
    },
    {
      "path": "/v1/courses/{course_id}/quizzes/{quiz_id}/submissions/{id}/complete",
      "description": "Complete the quiz submission by marking it as complete and grading it. When\nthe quiz submission has been marked as complete, no further modifications\nwill be allowed.\n\n<b>Responses</b>\n\n* <b>200 OK</b> if the request was successful\n* <b>403 Forbidden</b> if an invalid access code is specified\n* <b>403 Forbidden</b> if the Quiz's IP filter restriction does not pass\n* <b>403 Forbidden</b> if an invalid token is specified\n* <b>400 Bad Request</b> if the QS is already complete\n* <b>400 Bad Request</b> if the attempt parameter is missing\n* <b>400 Bad Request</b> if the attempt parameter is not the latest attempt",
      "operations": [
        {
          "method": "POST",
          "summary": "Complete the quiz submission (turn it in).",
          "notes": "Complete the quiz submission by marking it as complete and grading it. When\nthe quiz submission has been marked as complete, no further modifications\nwill be allowed.\n\n<b>Responses</b>\n\n* <b>200 OK</b> if the request was successful\n* <b>403 Forbidden</b> if an invalid access code is specified\n* <b>403 Forbidden</b> if the Quiz's IP filter restriction does not pass\n* <b>403 Forbidden</b> if an invalid token is specified\n* <b>400 Bad Request</b> if the QS is already complete\n* <b>400 Bad Request</b> if the attempt parameter is missing\n* <b>400 Bad Request</b> if the attempt parameter is not the latest attempt",
          "nickname": "complete_quiz_submission_turn_it_in",
          "parameters": [
            {
              "paramType": "path",
              "name": "course_id",
              "description": "ID",
              "type": "string",
              "format": null,
              "required": true,
              "deprecated": false
            },
            {
              "paramType": "path",
              "name": "quiz_id",
              "description": "ID",
              "type": "string",
              "format": null,
              "required": true,
              "deprecated": false
            },
            {
              "paramType": "path",
              "name": "id",
              "description": "ID",
              "type": "string",
              "format": null,
              "required": true,
              "deprecated": false
            },
            {
              "paramType": "form",
              "name": "attempt",
              "description": "The attempt number of the quiz submission that should be completed. Note\nthat this must be the latest attempt index, as earlier attempts can not\nbe modified.",
              "type": "integer",
              "format": "int64",
              "required": true,
              "deprecated": false
            },
            {
              "paramType": "form",
              "name": "validation_token",
              "description": "The unique validation token you received when this Quiz Submission was\ncreated.",
              "type": "string",
              "format": null,
              "required": true,
              "deprecated": false
            },
            {
              "paramType": "form",
              "name": "access_code",
              "description": "Access code for the Quiz, if any.",
              "type": "string",
              "format": null,
              "required": false,
              "deprecated": false
            }
          ],
          "response_fields": [],
          "deprecated": false,
          "deprecation_description": "",
          "type": "void"
        }
      ]
    },
    {
      "path": "/v1/courses/{course_id}/quizzes/{quiz_id}/submissions/{id}/time",
      "description": "Get the current timing data for the quiz attempt, both the end_at timestamp\nand the time_left parameter.\n\n<b>Responses</b>\n\n* <b>200 OK</b> if the request was successful",
      "operations": [
        {
          "method": "GET",
          "summary": "Get current quiz submission times.",
          "notes": "Get the current timing data for the quiz attempt, both the end_at timestamp\nand the time_left parameter.\n\n<b>Responses</b>\n\n* <b>200 OK</b> if the request was successful",
          "nickname": "get_current_quiz_submission_times",
          "parameters": [
            {
              "paramType": "path",
              "name": "course_id",
              "description": "ID",
              "type": "string",
              "format": null,
              "required": true,
              "deprecated": false
            },
            {
              "paramType": "path",
              "name": "quiz_id",
              "description": "ID",
              "type": "string",
              "format": null,
              "required": true,
              "deprecated": false
            },
            {
              "paramType": "path",
              "name": "id",
              "description": "ID",
              "type": "string",
              "format": null,
              "required": true,
              "deprecated": false
            }
          ],
          "response_fields": [],
          "deprecated": false,
          "deprecation_description": "",
          "type": "void"
        }
      ]
    }
  ],
  "models": {
    "QuizSubmission": {
      "id": "QuizSubmission",
      "description": "",
      "required": [
        "id",
        "quiz_id"
      ],
      "deprecated": false,
      "deprecation_description": null,
      "properties": {
        "id": {
          "description": "The ID of the quiz submission.",
          "example": 1,
          "type": "integer",
          "format": "int64"
        },
        "quiz_id": {
          "description": "The ID of the Quiz the quiz submission belongs to.",
          "example": 2,
          "type": "integer",
          "format": "int64"
        },
        "user_id": {
          "description": "The ID of the Student that made the quiz submission.",
          "example": 3,
          "type": "integer",
          "format": "int64"
        },
        "submission_id": {
          "description": "The ID of the Submission the quiz submission represents.",
          "example": 1,
          "type": "integer",
          "format": "int64"
        },
        "started_at": {
          "description": "The time at which the student started the quiz submission.",
          "example": "2013-11-07T13:16:18Z",
          "type": "string",
          "format": "date-time"
        },
        "finished_at": {
          "description": "The time at which the student submitted the quiz submission.",
          "example": "2013-11-07T13:16:18Z",
          "type": "string",
          "format": "date-time"
        },
        "end_at": {
          "description": "The time at which the quiz submission will be overdue, and be flagged as a late submission.",
          "example": "2013-11-07T13:16:18Z",
          "type": "string",
          "format": "date-time"
        },
        "attempt": {
          "description": "For quizzes that allow multiple attempts, this field specifies the quiz submission attempt number.",
          "example": 3,
          "type": "integer",
          "format": "int64"
        },
        "extra_attempts": {
          "description": "Number of times the student was allowed to re-take the quiz over the multiple-attempt limit.",
          "example": 1,
          "type": "integer",
          "format": "int64"
        },
        "extra_time": {
          "description": "Amount of extra time allowed for the quiz submission, in minutes.",
          "example": 60,
          "type": "integer",
          "format": "int64"
        },
        "manually_unlocked": {
          "description": "The student can take the quiz even if it's locked for everyone else",
          "example": true,
          "type": "boolean"
        },
        "time_spent": {
          "description": "Amount of time spent, in seconds.",
          "example": 300,
          "type": "integer",
          "format": "int64"
        },
        "score": {
          "description": "The score of the quiz submission, if graded.",
          "example": 3,
          "type": "integer",
          "format": "int64"
        },
        "score_before_regrade": {
          "description": "The original score of the quiz submission prior to any re-grading.",
          "example": 2,
          "type": "integer",
          "format": "int64"
        },
        "kept_score": {
          "description": "For quizzes that allow multiple attempts, this is the score that will be used, which might be the score of the latest, or the highest, quiz submission.",
          "example": 5,
          "type": "integer",
          "format": "int64"
        },
        "fudge_points": {
          "description": "Number of points the quiz submission's score was fudged by.",
          "example": 1,
          "type": "integer",
          "format": "int64"
        },
        "has_seen_results": {
          "description": "Whether the student has viewed their results to the quiz.",
          "example": true,
          "type": "boolean"
        },
        "workflow_state": {
          "description": "The current state of the quiz submission. Possible values: ['untaken'|'pending_review'|'complete'|'settings_only'|'preview'].",
          "example": "untaken",
          "type": "string"
        },
        "overdue_and_needs_submission": {
          "description": "Indicates whether the quiz submission is overdue and needs submission",
          "example": "false",
          "type": "boolean"
        }
      }
    }
  }
}
