{
  "apiVersion": "1.0",
  "swaggerVersion": "1.2",
  "basePath": "http://localhost:3000/api",
  "resourcePath": "/quizzes",
  "produces": [
    "application/json"
  ],
  "apis": [
    {
      "path": "/v1/courses/{course_id}/quizzes",
      "description": "Returns the paginated list of Quizzes in this course.",
      "operations": [
        {
          "method": "GET",
          "summary": "List quizzes in a course",
          "notes": "Returns the paginated list of Quizzes in this course.",
          "nickname": "list_quizzes_in_course",
          "parameters": [
            {
              "paramType": "path",
              "name": "course_id",
              "description": "ID",
              "type": "string",
              "format": null,
              "required": true,
              "deprecated": false
            },
            {
              "paramType": "query",
              "name": "search_term",
              "description": "The partial title of the quizzes to match and return.",
              "type": "string",
              "format": null,
              "required": false,
              "deprecated": false
            }
          ],
          "response_fields": [],
          "deprecated": false,
          "deprecation_description": "",
          "type": "array",
          "items": {
            "$ref": "Quiz"
          }
        }
      ]
    },
    {
      "path": "/v1/courses/{course_id}/quizzes/{id}",
      "description": "Returns the quiz with the given id.",
      "operations": [
        {
          "method": "GET",
          "summary": "Get a single quiz",
          "notes": "Returns the quiz with the given id.",
          "nickname": "get_single_quiz",
          "parameters": [
            {
              "paramType": "path",
              "name": "course_id",
              "description": "ID",
              "type": "string",
              "format": null,
              "required": true,
              "deprecated": false
            },
            {
              "paramType": "path",
              "name": "id",
              "description": "ID",
              "type": "string",
              "format": null,
              "required": true,
              "deprecated": false
            }
          ],
          "response_fields": [],
          "deprecated": false,
          "deprecation_description": "",
          "type": "Quiz"
        }
      ]
    },
    {
      "path": "/v1/courses/{course_id}/quizzes",
      "description": "Create a new quiz for this course.",
      "operations": [
        {
          "method": "POST",
          "summary": "Create a quiz",
          "notes": "Create a new quiz for this course.",
          "nickname": "create_quiz",
          "parameters": [
            {
              "paramType": "path",
              "name": "course_id",
              "description": "ID",
              "type": "string",
              "format": null,
              "required": true,
              "deprecated": false
            },
            {
              "paramType": "form",
              "name": "quiz[title]",
              "description": "The quiz title.",
              "type": "string",
              "format": null,
              "required": true,
              "deprecated": false
            },
            {
              "paramType": "form",
              "name": "quiz[description]",
              "description": "A description of the quiz.",
              "type": "string",
              "format": null,
              "required": false,
              "deprecated": false
            },
            {
              "paramType": "form",
              "name": "quiz[quiz_type]",
              "description": "The type of quiz.",
              "type": "string",
              "format": null,
              "required": false,
              "deprecated": false,
              "enum": [
                "practice_quiz",
                "assignment",
                "graded_survey",
                "survey"
              ]
            },
            {
              "paramType": "form",
              "name": "quiz[assignment_group_id]",
              "description": "The assignment group id to put the assignment in. Defaults to the top\nassignment group in the course. Only valid if the quiz is graded, i.e. if\nquiz_type is \"assignment\" or \"graded_survey\".",
              "type": "integer",
              "format": "int64",
              "required": false,
              "deprecated": false
            },
            {
              "paramType": "form",
              "name": "quiz[time_limit]",
              "description": "Time limit to take this quiz, in minutes. Set to null for no time limit.\nDefaults to null.",
              "type": "integer",
              "format": "int64",
              "required": false,
              "deprecated": false
            },
            {
              "paramType": "form",
              "name": "quiz[shuffle_answers]",
              "description": "If true, quiz answers for multiple choice questions will be randomized for\neach student. Defaults to false.",
              "type": "boolean",
              "format": null,
              "required": false,
              "deprecated": false
            },
            {
              "paramType": "form",
              "name": "quiz[hide_results]",
              "description": "Dictates whether or not quiz results are hidden from students.\nIf null, students can see their results after any attempt.\nIf \"always\", students can never see their results.\nIf \"until_after_last_attempt\", students can only see results after their\nlast attempt. (Only valid if allowed_attempts > 1). Defaults to null.",
              "type": "string",
              "format": null,
              "required": false,
              "deprecated": false,
              "enum": [
                "always",
                "until_after_last_attempt"
              ]
            },
            {
              "paramType": "form",
              "name": "quiz[show_correct_answers]",
              "description": "Only valid if hide_results=null\nIf false, hides correct answers from students when quiz results are viewed.\nDefaults to true.",
              "type": "boolean",
              "format": null,
              "required": false,
              "deprecated": false
            },
            {
              "paramType": "form",
              "name": "quiz[show_correct_answers_last_attempt]",
              "description": "Only valid if show_correct_answers=true and allowed_attempts > 1\nIf true, hides correct answers from students when quiz results are viewed\nuntil they submit the last attempt for the quiz.\nDefaults to false.",
              "type": "boolean",
              "format": null,
              "required": false,
              "deprecated": false
            },
            {
              "paramType": "form",
              "name": "quiz[show_correct_answers_at]",
              "description": "Only valid if show_correct_answers=true\nIf set, the correct answers will be visible by students only after this\ndate, otherwise the correct answers are visible once the student hands in\ntheir quiz submission.",
              "type": "DateTime",
              "format": null,
              "required": false,
              "deprecated": false
            },
            {
              "paramType": "form",
              "name": "quiz[hide_correct_answers_at]",
              "description": "Only valid if show_correct_answers=true\nIf set, the correct answers will stop being visible once this date has\npassed. Otherwise, the correct answers will be visible indefinitely.",
              "type": "DateTime",
              "format": null,
              "required": false,
              "deprecated": false
            },
            {
              "paramType": "form",
              "name": "quiz[allowed_attempts]",
              "description": "Number of times a student is allowed to take a quiz.\nSet to -1 for unlimited attempts.\nDefaults to 1.",
              "type": "integer",
              "format": "int64",
              "required": false,
              "deprecated": false
            },
            {
              "paramType": "form",
              "name": "quiz[scoring_policy]",
              "description": "Required and only valid if allowed_attempts > 1.\nScoring policy for a quiz that students can take multiple times.\nDefaults to \"keep_highest\".",
              "type": "string",
              "format": null,
              "required": false,
              "deprecated": false,
              "enum": [
                "keep_highest",
                "keep_latest"
              ]
            },
            {
              "paramType": "form",
              "name": "quiz[one_question_at_a_time]",
              "description": "If true, shows quiz to student one question at a time.\nDefaults to false.",
              "type": "boolean",
              "format": null,
              "required": false,
              "deprecated": false
            },
            {
              "paramType": "form",
              "name": "quiz[cant_go_back]",
              "description": "Only valid if one_question_at_a_time=true\nIf true, questions are locked after answering.\nDefaults to false.",
              "type": "boolean",
              "format": null,
              "required": false,
              "deprecated": false
            },
            {
              "paramType": "form",
              "name": "quiz[access_code]",
              "description": "Restricts access to the quiz with a password.\nFor no access code restriction, set to null.\nDefaults to null.",
              "type": "string",
              "format": null,
              "required": false,
              "deprecated": false
            },
            {
              "paramType": "form",
              "name": "quiz[ip_filter]",
              "description": "Restricts access to the quiz to computers in a specified IP range.\nFilters can be a comma-separated list of addresses, or an address followed by a mask\n\nExamples:\n  \"192.168.217.1\"\n  \"192.168.217.1/24\"\n  \"192.168.217.1/255.255.255.0\"\n\nFor no IP filter restriction, set to null.\nDefaults to null.",
              "type": "string",
              "format": null,
              "required": false,
              "deprecated": false
            },
            {
              "paramType": "form",
              "name": "quiz[due_at]",
              "description": "The day/time the quiz is due.\nAccepts times in ISO 8601 format, e.g. 2011-10-21T18:48Z.",
              "type": "DateTime",
              "format": null,
              "required": false,
              "deprecated": false
            },
            {
              "paramType": "form",
              "name": "quiz[lock_at]",
              "description": "The day/time the quiz is locked for students.\nAccepts times in ISO 8601 format, e.g. 2011-10-21T18:48Z.",
              "type": "DateTime",
              "format": null,
              "required": false,
              "deprecated": false
            },
            {
              "paramType": "form",
              "name": "quiz[unlock_at]",
              "description": "The day/time the quiz is unlocked for students.\nAccepts times in ISO 8601 format, e.g. 2011-10-21T18:48Z.",
              "type": "DateTime",
              "format": null,
              "required": false,
              "deprecated": false
            },
            {
              "paramType": "form",
              "name": "quiz[published]",
              "description": "Whether the quiz should have a draft state of published or unpublished.\nNOTE: If students have started taking the quiz, or there are any\nsubmissions for the quiz, you may not unpublish a quiz and will recieve\nan error.",
              "type": "boolean",
              "format": null,
              "required": false,
              "deprecated": false
            },
            {
              "paramType": "form",
              "name": "quiz[one_time_results]",
              "description": "Whether students should be prevented from viewing their quiz results past\nthe first time (right after they turn the quiz in.)\nOnly valid if \"hide_results\" is not set to \"always\".\nDefaults to false.",
              "type": "boolean",
              "format": null,
              "required": false,
              "deprecated": false
            },
            {
              "paramType": "form",
              "name": "quiz[only_visible_to_overrides]",
              "description": "Whether this quiz is only visible to overrides (Only useful if\n'differentiated assignments' account setting is on)\nDefaults to false.",
              "type": "boolean",
              "format": null,
              "required": false,
              "deprecated": false
            }
          ],
          "response_fields": [],
          "deprecated": false,
          "deprecation_description": "",
          "type": "Quiz"
        }
      ]
    },
    {
      "path": "/v1/courses/{course_id}/quizzes/{id}",
      "description": "Modify an existing quiz. See the documentation for quiz creation.\n\nAdditional arguments:",
      "operations": [
        {
          "method": "PUT",
          "summary": "Edit a quiz",
          "notes": "Modify an existing quiz. See the documentation for quiz creation.\n\nAdditional arguments:",
          "nickname": "edit_quiz",
          "parameters": [
            {
              "paramType": "path",
              "name": "course_id",
              "description": "ID",
              "type": "string",
              "format": null,
              "required": true,
              "deprecated": false
            },
            {
              "paramType": "path",
              "name": "id",
              "description": "ID",
              "type": "string",
              "format": null,
              "required": true,
              "deprecated": false
            },
            {
              "paramType": "form",
              "name": "quiz[notify_of_update]",
              "description": "If true, notifies users that the quiz has changed.\nDefaults to true",
              "type": "boolean",
              "format": null,
              "required": false,
              "deprecated": false
            }
          ],
          "response_fields": [],
          "deprecated": false,
          "deprecation_description": "",
          "type": "Quiz"
        }
      ]
    },
    {
      "path": "/v1/courses/{course_id}/quizzes/{id}",
      "description": "",
      "operations": [
        {
          "method": "DELETE",
          "summary": "Delete a quiz",
          "notes": "",
          "nickname": "delete_quiz",
          "parameters": [
            {
              "paramType": "path",
              "name": "course_id",
              "description": "ID",
              "type": "string",
              "format": null,
              "required": true,
              "deprecated": false
            },
            {
              "paramType": "path",
              "name": "id",
              "description": "ID",
              "type": "string",
              "format": null,
              "required": true,
              "deprecated": false
            }
          ],
          "response_fields": [],
          "deprecated": false,
          "deprecation_description": "",
          "type": "Quiz"
        }
      ]
    },
    {
      "path": "/v1/courses/{course_id}/quizzes/{id}/reorder",
      "description": "Change order of the quiz questions or groups within the quiz\n\n<b>204 No Content</b> response code is returned if the reorder was successful.",
      "operations": [
        {
          "method": "POST",
          "summary": "Reorder quiz items",
          "notes": "Change order of the quiz questions or groups within the quiz\n\n<b>204 No Content</b> response code is returned if the reorder was successful.",
          "nickname": "reorder_quiz_items",
          "parameters": [
            {
              "paramType": "path",
              "name": "course_id",
              "description": "ID",
              "type": "string",
              "format": null,
              "required": true,
              "deprecated": false
            },
            {
              "paramType": "path",
              "name": "id",
              "description": "ID",
              "type": "string",
              "format": null,
              "required": true,
              "deprecated": false
            },
            {
              "paramType": "form",
              "name": "order[id]",
              "description": "The associated item's unique identifier",
              "type": "array",
              "format": "int64",
              "required": true,
              "deprecated": false,
              "items": {
                "type": "integer"
              }
            },
            {
              "paramType": "form",
              "name": "order[type]",
              "description": "The type of item is either 'question' or 'group'",
              "type": "array",
              "format": null,
              "required": false,
              "deprecated": false,
              "enum": [
                "question",
                "group"
              ],
              "items": {
                "type": "string"
              }
            }
          ],
          "response_fields": [],
          "deprecated": false,
          "deprecation_description": "",
          "type": "void"
        }
      ]
    },
    {
      "path": "/v1/courses/{course_id}/quizzes/{id}/validate_access_code",
      "description": "Accepts an access code and returns a boolean indicating whether that access code is correct",
      "operations": [
        {
          "method": "POST",
          "summary": "Validate quiz access code",
          "notes": "Accepts an access code and returns a boolean indicating whether that access code is correct",
          "nickname": "validate_quiz_access_code",
          "parameters": [
            {
              "paramType": "path",
              "name": "course_id",
              "description": "ID",
              "type": "string",
              "format": null,
              "required": true,
              "deprecated": false
            },
            {
              "paramType": "path",
              "name": "id",
              "description": "ID",
              "type": "string",
              "format": null,
              "required": true,
              "deprecated": false
            },
            {
              "paramType": "form",
              "name": "access_code",
              "description": "The access code being validated",
              "type": "string",
              "format": null,
              "required": true,
              "deprecated": false
            }
          ],
          "response_fields": [],
          "deprecated": false,
          "deprecation_description": "",
          "type": "boolean"
        }
      ]
    }
  ],
  "models": {
    "Quiz": {
      "id": "Quiz",
      "description": "",
      "required": [],
      "deprecated": false,
      "deprecation_description": null,
      "properties": {
        "id": {
          "description": "the ID of the quiz",
          "example": 5,
          "type": "integer"
        },
        "title": {
          "description": "the title of the quiz",
          "example": "Hamlet Act 3 Quiz",
          "type": "string"
        },
        "html_url": {
          "description": "the HTTP/HTTPS URL to the quiz",
          "example": "http://canvas.example.edu/courses/1/quizzes/2",
          "type": "string"
        },
        "mobile_url": {
          "description": "a url suitable for loading the quiz in a mobile webview.  it will persiste the headless session and, for quizzes in public courses, will force the user to login",
          "example": "http://canvas.example.edu/courses/1/quizzes/2?persist_healdess=1&force_user=1",
          "type": "string"
        },
        "preview_url": {
          "description": "A url that can be visited in the browser with a POST request to preview a quiz as the teacher. Only present when the user may grade",
          "example": "http://canvas.example.edu/courses/1/quizzes/2/take?preview=1",
          "type": "string"
        },
        "description": {
          "description": "the description of the quiz",
          "example": "This is a quiz on Act 3 of Hamlet",
          "type": "string"
        },
        "quiz_type": {
          "description": "type of quiz possible values: 'practice_quiz', 'assignment', 'graded_survey', 'survey'",
          "example": "assignment",
          "type": "string",
          "allowableValues": {
            "values": [
              "practice_quiz",
              "assignment",
              "graded_survey",
              "survey"
            ]
          }
        },
        "assignment_group_id": {
          "description": "the ID of the quiz's assignment group:",
          "example": 3,
          "type": "integer"
        },
        "time_limit": {
          "description": "quiz time limit in minutes",
          "example": 5,
          "type": "integer"
        },
        "shuffle_answers": {
          "description": "shuffle answers for students?",
          "example": false,
          "type": "boolean"
        },
        "hide_results": {
          "description": "let students see their quiz responses? possible values: null, 'always', 'until_after_last_attempt'",
          "example": "always",
          "type": "string",
          "allowableValues": {
            "values": [
              "always",
              "until_after_last_attempt"
            ]
          }
        },
        "show_correct_answers": {
          "description": "show which answers were correct when results are shown? only valid if hide_results=null",
          "example": true,
          "type": "boolean"
        },
        "show_correct_answers_last_attempt": {
          "description": "restrict the show_correct_answers option above to apply only to the last submitted attempt of a quiz that allows multiple attempts. only valid if show_correct_answers=true and allowed_attempts > 1",
          "example": true,
          "type": "boolean"
        },
        "show_correct_answers_at": {
          "description": "when should the correct answers be visible by students? only valid if show_correct_answers=true",
          "example": "2013-01-23T23:59:00-07:00",
          "type": "datetime"
        },
        "hide_correct_answers_at": {
          "description": "prevent the students from seeing correct answers after the specified date has passed. only valid if show_correct_answers=true",
          "example": "2013-01-23T23:59:00-07:00",
          "type": "datetime"
        },
        "one_time_results": {
          "description": "prevent the students from seeing their results more than once (right after they submit the quiz)",
          "example": true,
          "type": "boolean"
        },
        "scoring_policy": {
          "description": "which quiz score to keep (only if allowed_attempts != 1) possible values: 'keep_highest', 'keep_latest'",
          "example": "keep_highest",
          "type": "string",
          "allowableValues": {
            "values": [
              "keep_highest",
              "keep_latest"
            ]
          }
        },
        "allowed_attempts": {
          "description": "how many times a student can take the quiz -1 = unlimited attempts",
          "example": 3,
          "type": "integer"
        },
        "one_question_at_a_time": {
          "description": "show one question at a time?",
          "example": false,
          "type": "boolean"
        },
        "question_count": {
          "description": "the number of questions in the quiz",
          "example": 12,
          "type": "integer"
        },
        "points_possible": {
          "description": "The total point value given to the quiz",
          "example": 20,
          "type": "integer"
        },
        "cant_go_back": {
          "description": "lock questions after answering? only valid if one_question_at_a_time=true",
          "example": false,
          "type": "boolean"
        },
        "access_code": {
          "description": "access code to restrict quiz access",
          "example": "2beornot2be",
          "type": "string"
        },
        "ip_filter": {
          "description": "IP address or range that quiz access is limited to",
          "example": "123.123.123.123",
          "type": "string"
        },
        "due_at": {
          "description": "when the quiz is due",
          "example": "2013-01-23T23:59:00-07:00",
          "type": "datetime"
        },
        "lock_at": {
          "description": "when to lock the quiz",
          "type": "datetime"
        },
        "unlock_at": {
          "description": "when to unlock the quiz",
          "example": "2013-01-21T23:59:00-07:00",
          "type": "datetime"
        },
        "published": {
          "description": "whether the quiz has a published or unpublished draft state.",
          "example": true,
          "type": "boolean"
        },
        "unpublishable": {
          "description": "Whether the assignment's 'published' state can be changed to false. Will be false if there are student submissions for the quiz.",
          "example": true,
          "type": "boolean"
        },
        "locked_for_user": {
          "description": "Whether or not this is locked for the user.",
          "example": false,
          "type": "boolean"
        },
        "lock_info": {
          "description": "(Optional) Information for the user about the lock. Present when locked_for_user is true.",
          "$ref": "LockInfo"
        },
        "lock_explanation": {
          "description": "(Optional) An explanation of why this is locked for the user. Present when locked_for_user is true.",
          "example": "This quiz is locked until September 1 at 12:00am",
          "type": "string"
        },
        "speedgrader_url": {
          "description": "Link to Speed Grader for this quiz. Will not be present if quiz is unpublished",
          "example": "http://canvas.instructure.com/courses/1/speed_grader?assignment_id=1",
          "type": "string"
        },
        "quiz_extensions_url": {
          "description": "Link to endpoint to send extensions for this quiz.",
          "example": "http://canvas.instructure.com/courses/1/quizzes/2/quiz_extensions",
          "type": "string"
        },
        "permissions": {
          "$ref": "QuizPermissions",
          "description": "Permissions the user has for the quiz"
        },
        "all_dates": {
          "description": "list of due dates for the quiz",
          "type": "array",
          "items": {
            "$ref": "AssignmentDate"
          }
        },
        "version_number": {
          "description": "Current version number of the quiz",
          "example": 3,
          "type": "integer"
        },
        "question_types": {
          "description": "List of question types in the quiz",
          "example": [
            "multiple_choice",
            "essay"
          ],
          "type": "array",
          "items": {
            "type": "string"
          }
        },
        "anonymous_submissions": {
          "description": "Whether survey submissions will be kept anonymous (only applicable to 'graded_survey', 'survey' quiz types)",
          "example": false,
          "type": "boolean"
        }
      }
    },
    "QuizPermissions": {
      "id": "QuizPermissions",
      "description": "Permissions the user has for the quiz",
      "required": [],
      "deprecated": false,
      "deprecation_description": null,
      "properties": {
        "read": {
          "description": "whether the user can view the quiz",
          "example": true,
          "type": "boolean"
        },
        "submit": {
          "description": "whether the user may submit a submission for the quiz",
          "example": true,
          "type": "boolean"
        },
        "create": {
          "description": "whether the user may create a new quiz",
          "example": true,
          "type": "boolean"
        },
        "manage": {
          "description": "whether the user may edit, update, or delete the quiz",
          "example": true,
          "type": "boolean"
        },
        "read_statistics": {
          "description": "whether the user may view quiz statistics for this quiz",
          "example": true,
          "type": "boolean"
        },
        "review_grades": {
          "description": "whether the user may review grades for all quiz submissions for this quiz",
          "example": true,
          "type": "boolean"
        },
        "update": {
          "description": "whether the user may update the quiz",
          "example": true,
          "type": "boolean"
        }
      }
    }
  }
}
