{
  "apiVersion": "1.0",
  "swaggerVersion": "1.2",
  "basePath": "http://localhost:3000/api",
  "resourcePath": "/quiz_submission_questions",
  "produces": [
    "application/json"
  ],
  "apis": [
    {
      "path": "/v1/quiz_submissions/{quiz_submission_id}/questions",
      "description": "Get a list of all the question records for this quiz submission.\n\n<b>200 OK</b> response code is returned if the request was successful.",
      "operations": [
        {
          "method": "GET",
          "summary": "Get all quiz submission questions.",
          "notes": "Get a list of all the question records for this quiz submission.\n\n<b>200 OK</b> response code is returned if the request was successful.",
          "nickname": "get_all_quiz_submission_questions",
          "parameters": [
            {
              "paramType": "path",
              "name": "quiz_submission_id",
              "description": "ID",
              "type": "string",
              "format": null,
              "required": true,
              "deprecated": false
            },
            {
              "paramType": "query",
              "name": "include",
              "description": "Associations to include with the quiz submission question.",
              "type": "array",
              "format": null,
              "required": false,
              "deprecated": false,
              "enum": [
                "quiz_question"
              ],
              "items": {
                "type": "string"
              }
            }
          ],
          "response_fields": [],
          "deprecated": false,
          "deprecation_description": "",
          "type": "void"
        }
      ]
    },
    {
      "path": "/v1/quiz_submissions/{quiz_submission_id}/questions",
      "description": "Provide or update an answer to one or more QuizQuestions.",
      "operations": [
        {
          "method": "POST",
          "summary": "Answering questions",
          "notes": "Provide or update an answer to one or more QuizQuestions.",
          "nickname": "answering_questions",
          "parameters": [
            {
              "paramType": "path",
              "name": "quiz_submission_id",
              "description": "ID",
              "type": "string",
              "format": null,
              "required": true,
              "deprecated": false
            },
            {
              "paramType": "form",
              "name": "attempt",
              "description": "The attempt number of the quiz submission being taken. Note that this\nmust be the latest attempt index, as questions for earlier attempts can\nnot be modified.",
              "type": "integer",
              "format": "int64",
              "required": true,
              "deprecated": false
            },
            {
              "paramType": "form",
              "name": "validation_token",
              "description": "The unique validation token you received when the Quiz Submission was\ncreated.",
              "type": "string",
              "format": null,
              "required": true,
              "deprecated": false
            },
            {
              "paramType": "form",
              "name": "access_code",
              "description": "Access code for the Quiz, if any.",
              "type": "string",
              "format": null,
              "required": false,
              "deprecated": false
            },
            {
              "paramType": "form",
              "name": "quiz_questions",
              "description": "Set of question IDs and the answer value.\n\nSee {Appendix: Question Answer Formats} for the accepted answer formats\nfor each question type.",
              "type": "array",
              "format": null,
              "required": false,
              "deprecated": false,
              "items": {
                "$ref": "QuizSubmissionQuestion"
              }
            }
          ],
          "response_fields": [],
          "deprecated": false,
          "deprecation_description": "",
          "type": "array",
          "items": {
            "$ref": "QuizSubmissionQuestion"
          }
        }
      ]
    },
    {
      "path": "/v1/quiz_submissions/{quiz_submission_id}/questions/{id}/formatted_answer",
      "description": "Matches the intended behavior of the UI when a numerical answer is entered\nand returns the resulting formatted number",
      "operations": [
        {
          "method": "GET",
          "summary": "Get a formatted student numerical answer.",
          "notes": "Matches the intended behavior of the UI when a numerical answer is entered\nand returns the resulting formatted number",
          "nickname": "get_formatted_student_numerical_answer",
          "parameters": [
            {
              "paramType": "path",
              "name": "quiz_submission_id",
              "description": "ID",
              "type": "string",
              "format": null,
              "required": true,
              "deprecated": false
            },
            {
              "paramType": "path",
              "name": "id",
              "description": "ID",
              "type": "string",
              "format": null,
              "required": true,
              "deprecated": false
            },
            {
              "paramType": "query",
              "name": "answer",
              "description": "no description",
              "type": "Numeric",
              "format": null,
              "required": true,
              "deprecated": false
            }
          ],
          "response_fields": [],
          "deprecated": false,
          "deprecation_description": "",
          "type": "void"
        }
      ]
    },
    {
      "path": "/v1/quiz_submissions/{quiz_submission_id}/questions/{id}/flag",
      "description": "Set a flag on a quiz question to indicate that you want to return to it\nlater.",
      "operations": [
        {
          "method": "PUT",
          "summary": "Flagging a question.",
          "notes": "Set a flag on a quiz question to indicate that you want to return to it\nlater.",
          "nickname": "flagging_question",
          "parameters": [
            {
              "paramType": "path",
              "name": "quiz_submission_id",
              "description": "ID",
              "type": "string",
              "format": null,
              "required": true,
              "deprecated": false
            },
            {
              "paramType": "path",
              "name": "id",
              "description": "ID",
              "type": "string",
              "format": null,
              "required": true,
              "deprecated": false
            },
            {
              "paramType": "form",
              "name": "attempt",
              "description": "The attempt number of the quiz submission being taken. Note that this\nmust be the latest attempt index, as questions for earlier attempts can\nnot be modified.",
              "type": "integer",
              "format": "int64",
              "required": true,
              "deprecated": false
            },
            {
              "paramType": "form",
              "name": "validation_token",
              "description": "The unique validation token you received when the Quiz Submission was\ncreated.",
              "type": "string",
              "format": null,
              "required": true,
              "deprecated": false
            },
            {
              "paramType": "form",
              "name": "access_code",
              "description": "Access code for the Quiz, if any.",
              "type": "string",
              "format": null,
              "required": false,
              "deprecated": false
            }
          ],
          "response_fields": [],
          "deprecated": false,
          "deprecation_description": "",
          "type": "void"
        }
      ]
    },
    {
      "path": "/v1/quiz_submissions/{quiz_submission_id}/questions/{id}/unflag",
      "description": "Remove the flag that you previously set on a quiz question after you've\nreturned to it.",
      "operations": [
        {
          "method": "PUT",
          "summary": "Unflagging a question.",
          "notes": "Remove the flag that you previously set on a quiz question after you've\nreturned to it.",
          "nickname": "unflagging_question",
          "parameters": [
            {
              "paramType": "path",
              "name": "quiz_submission_id",
              "description": "ID",
              "type": "string",
              "format": null,
              "required": true,
              "deprecated": false
            },
            {
              "paramType": "path",
              "name": "id",
              "description": "ID",
              "type": "string",
              "format": null,
              "required": true,
              "deprecated": false
            },
            {
              "paramType": "form",
              "name": "attempt",
              "description": "The attempt number of the quiz submission being taken. Note that this\nmust be the latest attempt index, as questions for earlier attempts can\nnot be modified.",
              "type": "integer",
              "format": "int64",
              "required": true,
              "deprecated": false
            },
            {
              "paramType": "form",
              "name": "validation_token",
              "description": "The unique validation token you received when the Quiz Submission was\ncreated.",
              "type": "string",
              "format": null,
              "required": true,
              "deprecated": false
            },
            {
              "paramType": "form",
              "name": "access_code",
              "description": "Access code for the Quiz, if any.",
              "type": "string",
              "format": null,
              "required": false,
              "deprecated": false
            }
          ],
          "response_fields": [],
          "deprecated": false,
          "deprecation_description": "",
          "type": "void"
        }
      ]
    }
  ],
  "models": {
    "QuizSubmissionQuestion": {
      "id": "QuizSubmissionQuestion",
      "description": "",
      "required": [
        "id"
      ],
      "deprecated": false,
      "deprecation_description": null,
      "properties": {
        "id": {
          "description": "The ID of the QuizQuestion this answer is for.",
          "example": 1,
          "type": "integer",
          "format": "int64"
        },
        "flagged": {
          "description": "Whether this question is flagged.",
          "example": true,
          "type": "boolean"
        },
        "answer": {
          "description": "The provided answer (if any) for this question. The format of this parameter depends on the type of the question, see the Appendix for more information.",
          "type": "string"
        },
        "answers": {
          "description": "The possible answers for this question when those possible answers are necessary.  The presence of this parameter is dependent on permissions.",
          "type": "array",
          "items": {
            "type": "string"
          }
        }
      }
    }
  }
}
