{
  "apiVersion": "1.0",
  "swaggerVersion": "1.2",
  "basePath": "http://localhost:3000/api",
  "resourcePath": "/score",
  "produces": [
    "application/json"
  ],
  "apis": [
    {
      "path": "/lti/courses/{course_id}/line_items/{line_item_id}/scores",
      "description": "Create a new Result from the score params. If this is for the first created line_item for a\nresourceLinkId, or it is a line item that is not attached to a resourceLinkId, then a submission\nrecord will be created for the associated assignment when gradingProgress is set to\nFullyGraded or PendingManual.\n\nThe submission score will also be updated when a score object is sent with either of those\ntwo values for gradingProgress. If a score object is sent with either of FullyGraded or\nPendingManual as the value for gradingProgress and scoreGiven is missing, the assignment\nwill not be graded. This also supposes the line_item meets the condition to create a submission.\n\nA submission comment with an unknown author will be created when the comment value is included.\nThis also supposes the line_item meets the condition to create a submission.\n\nIt is also possible to submit a file along with this score, which will attach the file to the\nsubmission that is created. Files should be formatted as Content Items, with the correct syntax\nbelow.\n\nReturns a url pointing to the Result. If any files were submitted, also returns the Content Items\nwhich were sent in the request, each with a url pointing to the Progress of the file upload.",
      "operations": [
        {
          "method": "POST",
          "summary": "Create a Score",
          "notes": "Create a new Result from the score params. If this is for the first created line_item for a\nresourceLinkId, or it is a line item that is not attached to a resourceLinkId, then a submission\nrecord will be created for the associated assignment when gradingProgress is set to\nFullyGraded or PendingManual.\n\nThe submission score will also be updated when a score object is sent with either of those\ntwo values for gradingProgress. If a score object is sent with either of FullyGraded or\nPendingManual as the value for gradingProgress and scoreGiven is missing, the assignment\nwill not be graded. This also supposes the line_item meets the condition to create a submission.\n\nA submission comment with an unknown author will be created when the comment value is included.\nThis also supposes the line_item meets the condition to create a submission.\n\nIt is also possible to submit a file along with this score, which will attach the file to the\nsubmission that is created. Files should be formatted as Content Items, with the correct syntax\nbelow.\n\nReturns a url pointing to the Result. If any files were submitted, also returns the Content Items\nwhich were sent in the request, each with a url pointing to the Progress of the file upload.",
          "nickname": "create_score",
          "parameters": [
            {
              "paramType": "path",
              "name": "course_id",
              "description": "ID",
              "type": "string",
              "format": null,
              "required": true,
              "deprecated": false
            },
            {
              "paramType": "path",
              "name": "line_item_id",
              "description": "ID",
              "type": "string",
              "format": null,
              "required": true,
              "deprecated": false
            },
            {
              "paramType": "form",
              "name": "userId",
              "description": "The lti_user_id or the Canvas user_id.\nReturns a 422 if user not found in Canvas or is not a student.",
              "type": "string",
              "format": null,
              "required": true,
              "deprecated": false
            },
            {
              "paramType": "form",
              "name": "activityProgress",
              "description": "Indicate to Canvas the status of the user towards the activity's completion.\nMust be one of Initialized, Started, InProgress, Submitted, Completed.",
              "type": "string",
              "format": null,
              "required": true,
              "deprecated": false
            },
            {
              "paramType": "form",
              "name": "gradingProgress",
              "description": "Indicate to Canvas the status of the grading process.\nA value of PendingManual will require intervention by a grader.\nValues of NotReady, Failed, and Pending will cause the scoreGiven to be ignored.\nFullyGraded values will require no action.\nPossible values are NotReady, Failed, Pending, PendingManual, FullyGraded.",
              "type": "string",
              "format": null,
              "required": true,
              "deprecated": false
            },
            {
              "paramType": "form",
              "name": "timestamp",
              "description": "Date and time when the score was modified in the tool. Should use ISO8601-formatted date with subsecond precision.\nReturns a 400 if the timestamp is earlier than the updated_at time of the Result.",
              "type": "string",
              "format": null,
              "required": true,
              "deprecated": false
            },
            {
              "paramType": "form",
              "name": "scoreGiven",
              "description": "The Current score received in the tool for this line item and user,\nscaled to the scoreMaximum",
              "type": "number",
              "format": null,
              "required": false,
              "deprecated": false
            },
            {
              "paramType": "form",
              "name": "scoreMaximum",
              "description": "Maximum possible score for this result; it must be present if scoreGiven is present.\nReturns 412 if not present when scoreGiven is present.",
              "type": "number",
              "format": null,
              "required": false,
              "deprecated": false
            },
            {
              "paramType": "form",
              "name": "comment",
              "description": "Comment visible to the student about this score.",
              "type": "string",
              "format": null,
              "required": false,
              "deprecated": false
            },
            {
              "paramType": "form",
              "name": "https://canvas.instructure.com/lti/submission",
              "description": "(EXTENSION) Optional submission type and data. Fields listed below.",
              "type": "Object",
              "format": null,
              "required": false,
              "deprecated": false
            },
            {
              "paramType": "form",
              "name": "https://canvas.instructure.com/lti/submission[new_submission]",
              "description": "(EXTENSION field) flag to indicate that this is a new submission. Defaults to true unless submission_type is none.",
              "type": "boolean",
              "format": null,
              "required": false,
              "deprecated": false
            },
            {
              "paramType": "form",
              "name": "https://canvas.instructure.com/lti/submission[prioritize_non_tool_grade]",
              "description": "(EXTENSION field) flag to prevent a request from overwriting an existing grade for a submission. Defaults to false.",
              "type": "boolean",
              "format": null,
              "required": false,
              "deprecated": false
            },
            {
              "paramType": "form",
              "name": "https://canvas.instructure.com/lti/submission[submission_type]",
              "description": "(EXTENSION field) permissible values are: none, basic_lti_launch, online_text_entry, external_tool, online_upload, or online_url. Defaults to external_tool. Ignored if content_items are provided.",
              "type": "string",
              "format": null,
              "required": false,
              "deprecated": false
            },
            {
              "paramType": "form",
              "name": "https://canvas.instructure.com/lti/submission[submission_data]",
              "description": "(EXTENSION field) submission data (URL or body text). Only used for submission_types basic_lti_launch, online_text_entry, online_url. Ignored if content_items are provided.",
              "type": "string",
              "format": null,
              "required": false,
              "deprecated": false
            },
            {
              "paramType": "form",
              "name": "https://canvas.instructure.com/lti/submission[submitted_at]",
              "description": "(EXTENSION field) Date and time that the submission was originally created. Should use ISO8601-formatted date with subsecond precision. This should match the data and time that the original submission happened in Canvas.",
              "type": "string",
              "format": null,
              "required": false,
              "deprecated": false
            },
            {
              "paramType": "form",
              "name": "https://canvas.instructure.com/lti/submission[content_items]",
              "description": "(EXTENSION field) Files that should be included with the submission. Each item should contain `type: file`, and a url pointing to the file. It can also contain a title, and an explicit MIME type if needed (otherwise, MIME type will be inferred from the title or url). If any items are present, submission_type will be online_upload.",
              "type": "Array",
              "format": null,
              "required": false,
              "deprecated": false
            }
          ],
          "response_fields": [],
          "deprecated": false,
          "deprecation_description": "",
          "type": "array",
          "items": {
            "$ref": "resultUrl String The url to the result that was created."
          }
        }
      ]
    }
  ],
  "models": {
    "Score": {
      "id": "Score",
      "description": "",
      "required": [],
      "deprecated": false,
      "deprecation_description": null,
      "properties": {
        "userId": {
          "description": "The lti_user_id or the Canvas user_id",
          "example": "50 | 'abcasdf'",
          "type": "string"
        },
        "scoreGiven": {
          "description": "The Current score received in the tool for this line item and user, scaled to the scoreMaximum",
          "example": "50",
          "type": "number"
        },
        "scoreMaximum": {
          "description": "Maximum possible score for this result; it must be present if scoreGiven is present.",
          "example": "50",
          "type": "number"
        },
        "comment": {
          "description": "Comment visible to the student about this score.",
          "type": "string"
        },
        "timestamp": {
          "description": "Date and time when the score was modified in the tool. Should use subsecond precision.",
          "example": "2017-04-16T18:54:36.736+00:00",
          "type": "string"
        },
        "activityProgress": {
          "description": "Indicate to Canvas the status of the user towards the activity's completion. Must be one of Initialized, Started, InProgress, Submitted, Completed",
          "example": "Completed",
          "type": "string"
        },
        "gradingProgress": {
          "description": "Indicate to Canvas the status of the grading process. A value of PendingManual will require intervention by a grader. Values of NotReady, Failed, and Pending will cause the scoreGiven to be ignored. FullyGraded values will require no action. Possible values are NotReady, Failed, Pending, PendingManual, FullyGraded",
          "example": "FullyGraded",
          "type": "string"
        }
      }
    }
  }
}
