{
  "apiVersion": "1.0",
  "swaggerVersion": "1.2",
  "basePath": "http://localhost:3000/api",
  "resourcePath": "/services",
  "produces": [
    "application/json"
  ],
  "apis": [
    {
      "path": "/v1/services/kaltura",
      "description": "Return the config information for the Kaltura plugin in json format.",
      "operations": [
        {
          "method": "GET",
          "summary": "Get Kaltura config",
          "notes": "Return the config information for the Kaltura plugin in json format.",
          "nickname": "get_kaltura_config",
          "parameters": [],
          "response_fields": [
            {
              "name": "enabled",
              "description": "Enabled state of the Kaltura plugin",
              "deprecated": false
            },
            {
              "name": "domain",
              "description": "Main domain of the Kaltura instance (This is the URL where the Kaltura API resides)",
              "deprecated": false
            },
            {
              "name": "resources_domain",
              "description": "Kaltura URL for grabbing thumbnails and other resources",
              "deprecated": false
            },
            {
              "name": "rtmp_domain",
              "description": "Hostname to be used for RTMP recording",
              "deprecated": false
            },
            {
              "name": "partner_id",
              "description": "Partner ID used for communicating with the Kaltura instance",
              "deprecated": false
            }
          ],
          "deprecated": false,
          "deprecation_description": "",
          "type": "void"
        }
      ]
    },
    {
      "path": "/v1/services/kaltura_session",
      "description": "Start a new Kaltura session, so that new media can be recorded and uploaded\nto this Canvas instance's Kaltura instance.",
      "operations": [
        {
          "method": "POST",
          "summary": "Start Kaltura session",
          "notes": "Start a new Kaltura session, so that new media can be recorded and uploaded\nto this Canvas instance's Kaltura instance.",
          "nickname": "start_kaltura_session",
          "parameters": [],
          "response_fields": [
            {
              "name": "ks",
              "description": "The kaltura session id, for use in the kaltura v3 API.\nThis can be used in the uploadtoken service, for instance, to upload a new\nmedia file into kaltura.",
              "deprecated": false
            }
          ],
          "deprecated": false,
          "deprecation_description": "",
          "type": "void"
        }
      ]
    }
  ],
  "models": {}
}
