{
  "apiVersion": "1.0",
  "swaggerVersion": "1.2",
  "basePath": "http://localhost:3000/api",
  "resourcePath": "/sis_integration",
  "produces": [
    "application/json"
  ],
  "apis": [
    {
      "path": "/sis/accounts/{account_id}/assignments",
      "description": "Retrieve a list of published assignments flagged as \"post_to_sis\".\nSee the Assignments API for more details on assignments.\nAssignment group and section information are included for convenience.\n\nEach section includes course information for the origin course and the\ncross-listed course, if applicable. The `origin_course` is the course to\nwhich the section belongs or the course from which the section was\ncross-listed. Generally, the `origin_course` should be preferred when\nperforming integration work. The `xlist_course` is provided for consistency\nand is only present when the section has been cross-listed.\nSee Sections API and Courses Api for me details.\n\nThe `override` is only provided if the Differentiated Assignments course\nfeature is turned on and the assignment has an override for that section.\nWhen there is an override for the assignment the override object's\nkeys/values can be merged with the top level assignment object to create a\nview of the assignment object specific to that section.\nSee Assignments api for more information on assignment overrides.\n\nrestricts to courses that start before this date (if they have a start date)\nrestricts to courses that end after this date (if they have an end date)\ninformation to include.\n\n  \"student_overrides\":: returns individual student override information",
      "operations": [
        {
          "method": "GET",
          "summary": "Retrieve assignments enabled for grade export to SIS",
          "notes": "Retrieve a list of published assignments flagged as \"post_to_sis\".\nSee the Assignments API for more details on assignments.\nAssignment group and section information are included for convenience.\n\nEach section includes course information for the origin course and the\ncross-listed course, if applicable. The `origin_course` is the course to\nwhich the section belongs or the course from which the section was\ncross-listed. Generally, the `origin_course` should be preferred when\nperforming integration work. The `xlist_course` is provided for consistency\nand is only present when the section has been cross-listed.\nSee Sections API and Courses Api for me details.\n\nThe `override` is only provided if the Differentiated Assignments course\nfeature is turned on and the assignment has an override for that section.\nWhen there is an override for the assignment the override object's\nkeys/values can be merged with the top level assignment object to create a\nview of the assignment object specific to that section.\nSee Assignments api for more information on assignment overrides.\n\nrestricts to courses that start before this date (if they have a start date)\nrestricts to courses that end after this date (if they have an end date)\ninformation to include.\n\n  \"student_overrides\":: returns individual student override information",
          "nickname": "retrieve_assignments_enabled_for_grade_export_to_sis_accounts",
          "parameters": [
            {
              "paramType": "path",
              "name": "account_id",
              "description": "The ID of the account to query.",
              "type": "integer",
              "format": "int64",
              "required": true,
              "deprecated": false
            },
            {
              "paramType": "query",
              "name": "course_id",
              "description": "The ID of the course to query.",
              "type": "integer",
              "format": "int64",
              "required": false,
              "deprecated": false
            },
            {
              "paramType": "query",
              "name": "starts_before",
              "description": "When searching on an account,",
              "type": "DateTime",
              "format": null,
              "required": false,
              "deprecated": false
            },
            {
              "paramType": "query",
              "name": "ends_after",
              "description": "When searching on an account,",
              "type": "DateTime",
              "format": null,
              "required": false,
              "deprecated": false
            },
            {
              "paramType": "query",
              "name": "include",
              "description": "Array of additional",
              "type": "string",
              "format": null,
              "required": false,
              "deprecated": false,
              "enum": [
                "student_overrides"
              ]
            }
          ],
          "response_fields": [],
          "deprecated": false,
          "deprecation_description": "",
          "type": "void"
        }
      ]
    },
    {
      "path": "/sis/courses/{course_id}/assignments",
      "description": "Retrieve a list of published assignments flagged as \"post_to_sis\".\nSee the Assignments API for more details on assignments.\nAssignment group and section information are included for convenience.\n\nEach section includes course information for the origin course and the\ncross-listed course, if applicable. The `origin_course` is the course to\nwhich the section belongs or the course from which the section was\ncross-listed. Generally, the `origin_course` should be preferred when\nperforming integration work. The `xlist_course` is provided for consistency\nand is only present when the section has been cross-listed.\nSee Sections API and Courses Api for me details.\n\nThe `override` is only provided if the Differentiated Assignments course\nfeature is turned on and the assignment has an override for that section.\nWhen there is an override for the assignment the override object's\nkeys/values can be merged with the top level assignment object to create a\nview of the assignment object specific to that section.\nSee Assignments api for more information on assignment overrides.\n\nrestricts to courses that start before this date (if they have a start date)\nrestricts to courses that end after this date (if they have an end date)\ninformation to include.\n\n  \"student_overrides\":: returns individual student override information",
      "operations": [
        {
          "method": "GET",
          "summary": "Retrieve assignments enabled for grade export to SIS",
          "notes": "Retrieve a list of published assignments flagged as \"post_to_sis\".\nSee the Assignments API for more details on assignments.\nAssignment group and section information are included for convenience.\n\nEach section includes course information for the origin course and the\ncross-listed course, if applicable. The `origin_course` is the course to\nwhich the section belongs or the course from which the section was\ncross-listed. Generally, the `origin_course` should be preferred when\nperforming integration work. The `xlist_course` is provided for consistency\nand is only present when the section has been cross-listed.\nSee Sections API and Courses Api for me details.\n\nThe `override` is only provided if the Differentiated Assignments course\nfeature is turned on and the assignment has an override for that section.\nWhen there is an override for the assignment the override object's\nkeys/values can be merged with the top level assignment object to create a\nview of the assignment object specific to that section.\nSee Assignments api for more information on assignment overrides.\n\nrestricts to courses that start before this date (if they have a start date)\nrestricts to courses that end after this date (if they have an end date)\ninformation to include.\n\n  \"student_overrides\":: returns individual student override information",
          "nickname": "retrieve_assignments_enabled_for_grade_export_to_sis_courses",
          "parameters": [
            {
              "paramType": "query",
              "name": "account_id",
              "description": "The ID of the account to query.",
              "type": "integer",
              "format": "int64",
              "required": false,
              "deprecated": false
            },
            {
              "paramType": "path",
              "name": "course_id",
              "description": "The ID of the course to query.",
              "type": "integer",
              "format": "int64",
              "required": true,
              "deprecated": false
            },
            {
              "paramType": "query",
              "name": "starts_before",
              "description": "When searching on an account,",
              "type": "DateTime",
              "format": null,
              "required": false,
              "deprecated": false
            },
            {
              "paramType": "query",
              "name": "ends_after",
              "description": "When searching on an account,",
              "type": "DateTime",
              "format": null,
              "required": false,
              "deprecated": false
            },
            {
              "paramType": "query",
              "name": "include",
              "description": "Array of additional",
              "type": "string",
              "format": null,
              "required": false,
              "deprecated": false,
              "enum": [
                "student_overrides"
              ]
            }
          ],
          "response_fields": [],
          "deprecated": false,
          "deprecation_description": "",
          "type": "void"
        }
      ]
    },
    {
      "path": "/sis/courses/{course_id}/disable_post_to_sis",
      "description": "Disable all assignments flagged as \"post_to_sis\", with the option of making it\nspecific to a grading period, in a course.\n\nOn success, the response will be 204 No Content with an empty body.\n\nOn failure, the response will be 400 Bad Request with a body of a specific\nmessage.\n\nFor disabling assignments in a specific grading period",
      "operations": [
        {
          "method": "PUT",
          "summary": "Disable assignments currently enabled for grade export to SIS",
          "notes": "Disable all assignments flagged as \"post_to_sis\", with the option of making it\nspecific to a grading period, in a course.\n\nOn success, the response will be 204 No Content with an empty body.\n\nOn failure, the response will be 400 Bad Request with a body of a specific\nmessage.\n\nFor disabling assignments in a specific grading period",
          "nickname": "disable_assignments_currently_enabled_for_grade_export_to_sis",
          "parameters": [
            {
              "paramType": "path",
              "name": "course_id",
              "description": "The ID of the course.",
              "type": "integer",
              "format": "int64",
              "required": true,
              "deprecated": false
            },
            {
              "paramType": "form",
              "name": "grading_period_id",
              "description": "The ID of the grading period.",
              "type": "integer",
              "format": "int64",
              "required": false,
              "deprecated": false
            }
          ],
          "response_fields": [],
          "deprecated": false,
          "deprecation_description": "",
          "type": "void"
        }
      ]
    }
  ],
  "models": {
    "SisAssignment": {
      "id": "SisAssignment",
      "description": "Assignments that have post_to_sis enabled with other objects for convenience",
      "required": [],
      "deprecated": false,
      "deprecation_description": null,
      "properties": {
        "id": {
          "description": "The unique identifier for the assignment.",
          "example": 4,
          "type": "integer"
        },
        "course_id": {
          "description": "The unique identifier for the course.",
          "example": 6,
          "type": "integer"
        },
        "name": {
          "description": "the name of the assignment",
          "example": "some assignment",
          "type": "string"
        },
        "created_at": {
          "description": "The time at which this assignment was originally created",
          "example": "2012-07-01T23:59:00-06:00",
          "type": "datetime"
        },
        "due_at": {
          "description": "the due date for the assignment. returns null if not present. NOTE: If this assignment has assignment overrides, this field will be the due date as it applies to the user requesting information from the API.",
          "example": "2012-07-01T23:59:00-06:00",
          "type": "datetime"
        },
        "unlock_at": {
          "description": "(Optional) Time at which this was/will be unlocked.",
          "example": "2013-01-01T00:00:00-06:00",
          "type": "datetime"
        },
        "lock_at": {
          "description": "(Optional) Time at which this was/will be locked.",
          "example": "2013-02-01T00:00:00-06:00",
          "type": "datetime"
        },
        "points_possible": {
          "description": "The maximum points possible for the assignment",
          "example": 12,
          "type": "integer"
        },
        "submission_types": {
          "description": "the types of submissions allowed for this assignment list containing one or more of the following: 'discussion_topic', 'online_quiz', 'on_paper', 'none', 'external_tool', 'online_text_entry', 'online_url', 'online_upload', 'media_recording', 'student_annotation'",
          "example": [
            "online_text_entry"
          ],
          "type": "array",
          "items": {
            "type": "string"
          },
          "allowableValues": {
            "values": [
              "discussion_topic",
              "online_quiz",
              "on_paper",
              "not_graded",
              "none",
              "external_tool",
              "online_text_entry",
              "online_url",
              "online_upload",
              "media_recording",
              "student_annotation"
            ]
          }
        },
        "integration_id": {
          "example": "12341234",
          "type": "string",
          "description": "Third Party integration id for assignment"
        },
        "integration_data": {
          "example": "other_data",
          "type": "string",
          "description": "(optional, Third Party integration data for assignment)"
        },
        "include_in_final_grade": {
          "description": "If false, the assignment will be omitted from the student's final grade",
          "example": true,
          "type": "boolean"
        },
        "assignment_group": {
          "description": "Includes attributes of a assignment_group for convenience. For more details see Assignments API.",
          "type": "array",
          "items": {
            "$ref": "AssignmentGroupAttributes"
          }
        },
        "sections": {
          "description": "Includes attributes of a section for convenience. For more details see Sections API.",
          "type": "array",
          "items": {
            "$ref": "SectionAttributes"
          }
        },
        "user_overrides": {
          "description": "Includes attributes of a user assignment overrides. For more details see Assignments API.",
          "type": "array",
          "items": {
            "$ref": "UserAssignmentOverrideAttributes"
          }
        }
      }
    },
    "AssignmentGroupAttributes": {
      "id": "AssignmentGroupAttributes",
      "description": "Some of the attributes of an Assignment Group. See Assignments API for more details",
      "required": [],
      "deprecated": false,
      "deprecation_description": null,
      "properties": {
        "id": {
          "description": "the id of the Assignment Group",
          "example": 1,
          "type": "integer"
        },
        "name": {
          "description": "the name of the Assignment Group",
          "example": "group2",
          "type": "string"
        },
        "group_weight": {
          "description": "the weight of the Assignment Group",
          "example": 20,
          "type": "integer"
        },
        "sis_source_id": {
          "description": "the sis source id of the Assignment Group",
          "example": "1234",
          "type": "string"
        },
        "integration_data": {
          "description": "the integration data of the Assignment Group",
          "example": {
            "5678": "0954"
          },
          "type": "object"
        }
      }
    },
    "SectionAttributes": {
      "id": "SectionAttributes",
      "description": "Some of the attributes of a section. For more details see Sections API.",
      "required": [],
      "deprecated": false,
      "deprecation_description": null,
      "properties": {
        "id": {
          "description": "The unique identifier for the section.",
          "example": 1,
          "type": "integer"
        },
        "name": {
          "description": "The name of the section.",
          "example": "Section A",
          "type": "string"
        },
        "sis_id": {
          "description": "The sis id of the section.",
          "example": "s34643",
          "type": "string"
        },
        "integration_id": {
          "description": "Optional: The integration ID of the section.",
          "example": "3452342345",
          "type": "string"
        },
        "origin_course": {
          "description": "The course to which the section belongs or the course from which the section was cross-listed",
          "$ref": "CourseAttributes"
        },
        "xlist_course": {
          "description": "Optional: Attributes of the xlist course. Only present when the section has been cross-listed. See Courses API for more details",
          "$ref": "CourseAttributes"
        },
        "override": {
          "description": "Optional: Attributes of the assignment override that apply to the section. See Assignment API for more details",
          "$ref": "SectionAssignmentOverrideAttributes"
        }
      }
    },
    "CourseAttributes": {
      "id": "CourseAttributes",
      "description": "Attributes of a course object.  See Courses API for more details",
      "required": [],
      "deprecated": false,
      "deprecation_description": null,
      "properties": {
        "id": {
          "description": "The unique Canvas identifier for the origin course",
          "example": 7,
          "type": "integer"
        },
        "name": {
          "description": "The name of the origin course.",
          "example": "Section A",
          "type": "string"
        },
        "sis_id": {
          "description": "The sis id of the origin_course.",
          "example": "c34643",
          "type": "string"
        },
        "integration_id": {
          "description": "The integration ID of the origin_course.",
          "example": "I-2",
          "type": "string"
        }
      }
    },
    "SectionAssignmentOverrideAttributes": {
      "id": "SectionAssignmentOverrideAttributes",
      "description": "Attributes of an assignment override that apply to the section object.  See Assignments API for more details",
      "required": [],
      "deprecated": false,
      "deprecation_description": null,
      "properties": {
        "override_title": {
          "description": "The title for the assignment override",
          "example": "some section override",
          "type": "string"
        },
        "due_at": {
          "description": "the due date for the assignment. returns null if not present. NOTE: If this assignment has assignment overrides, this field will be the due date as it applies to the user requesting information from the API.",
          "example": "2012-07-01T23:59:00-06:00",
          "type": "datetime"
        },
        "unlock_at": {
          "description": "(Optional) Time at which this was/will be unlocked.",
          "example": "2013-01-01T00:00:00-06:00",
          "type": "datetime"
        },
        "lock_at": {
          "description": "(Optional) Time at which this was/will be locked.",
          "example": "2013-02-01T00:00:00-06:00",
          "type": "datetime"
        }
      }
    },
    "UserAssignmentOverrideAttributes": {
      "id": "UserAssignmentOverrideAttributes",
      "description": "Attributes of assignment overrides that apply to users.  See Assignments API for more details",
      "required": [],
      "deprecated": false,
      "deprecation_description": null,
      "properties": {
        "id": {
          "description": "The unique Canvas identifier for the assignment override",
          "example": 218,
          "type": "integer"
        },
        "title": {
          "description": "The title of the assignment override.",
          "example": "Override title",
          "type": "string"
        },
        "due_at": {
          "description": "The time at which this assignment is due",
          "example": "2013-01-01T00:00:00-06:00",
          "type": "datetime"
        },
        "unlock_at": {
          "description": "(Optional) Time at which this was/will be unlocked.",
          "example": "2013-01-01T00:00:00-06:00",
          "type": "datetime"
        },
        "lock_at": {
          "description": "(Optional) Time at which this was/will be locked.",
          "example": "2013-02-01T00:00:00-06:00",
          "type": "datetime"
        },
        "students": {
          "description": "Includes attributes of a student for convenience. For more details see Users API.",
          "type": "array",
          "items": {
            "$ref": "StudentAttributes"
          }
        }
      }
    },
    "StudentAttributes": {
      "id": "StudentAttributes",
      "description": "Attributes of student.  See Users API for more details",
      "required": [],
      "deprecated": false,
      "deprecation_description": null,
      "properties": {
        "user_id": {
          "description": "The unique Canvas identifier for the user",
          "example": 511,
          "type": "integer"
        },
        "sis_user_id": {
          "description": "The SIS ID associated with the user.  This field is only included if the user came from a SIS import and has permissions to view SIS information.",
          "example": "SHEL93921",
          "type": "string"
        }
      }
    }
  }
}
