{
  "apiVersion": "1.0",
  "swaggerVersion": "1.2",
  "basePath": "http://localhost:3000/api",
  "resourcePath": "/submission_comments",
  "produces": [
    "application/json"
  ],
  "apis": [
    {
      "path": "/v1/courses/{course_id}/assignments/{assignment_id}/submissions/{user_id}/comments/{id}",
      "description": "Edit the given submission comment.",
      "operations": [
        {
          "method": "PUT",
          "summary": "Edit a submission comment",
          "notes": "Edit the given submission comment.",
          "nickname": "edit_submission_comment",
          "parameters": [
            {
              "paramType": "path",
              "name": "course_id",
              "description": "ID",
              "type": "string",
              "format": null,
              "required": true,
              "deprecated": false
            },
            {
              "paramType": "path",
              "name": "assignment_id",
              "description": "ID",
              "type": "string",
              "format": null,
              "required": true,
              "deprecated": false
            },
            {
              "paramType": "path",
              "name": "user_id",
              "description": "ID",
              "type": "string",
              "format": null,
              "required": true,
              "deprecated": false
            },
            {
              "paramType": "path",
              "name": "id",
              "description": "ID",
              "type": "string",
              "format": null,
              "required": true,
              "deprecated": false
            },
            {
              "paramType": "form",
              "name": "comment",
              "description": "If this argument is present, edit the text of a comment.",
              "type": "string",
              "format": null,
              "required": false,
              "deprecated": false
            }
          ],
          "response_fields": [],
          "deprecated": false,
          "deprecation_description": "",
          "type": "SubmissionComment"
        }
      ]
    },
    {
      "path": "/v1/courses/{course_id}/assignments/{assignment_id}/submissions/{user_id}/comments/{id}",
      "description": "Delete the given submission comment.",
      "operations": [
        {
          "method": "DELETE",
          "summary": "Delete a submission comment",
          "notes": "Delete the given submission comment.",
          "nickname": "delete_submission_comment",
          "parameters": [
            {
              "paramType": "path",
              "name": "course_id",
              "description": "ID",
              "type": "string",
              "format": null,
              "required": true,
              "deprecated": false
            },
            {
              "paramType": "path",
              "name": "assignment_id",
              "description": "ID",
              "type": "string",
              "format": null,
              "required": true,
              "deprecated": false
            },
            {
              "paramType": "path",
              "name": "user_id",
              "description": "ID",
              "type": "string",
              "format": null,
              "required": true,
              "deprecated": false
            },
            {
              "paramType": "path",
              "name": "id",
              "description": "ID",
              "type": "string",
              "format": null,
              "required": true,
              "deprecated": false
            }
          ],
          "response_fields": [],
          "deprecated": false,
          "deprecation_description": "",
          "type": "SubmissionComment"
        }
      ]
    },
    {
      "path": "/v1/courses/{course_id}/assignments/{assignment_id}/submissions/{user_id}/comments/files",
      "description": "Upload a file to attach to a submission comment\n\nSee the {file:file_uploads.html File Upload Documentation} for details on the file upload workflow.\n\nThe final step of the file upload workflow will return the attachment data,\nincluding the new file id. The caller can then PUT the file_id to the\nsubmission API to attach it to a comment",
      "operations": [
        {
          "method": "POST",
          "summary": "Upload a file",
          "notes": "Upload a file to attach to a submission comment\n\nSee the {file:file_uploads.html File Upload Documentation} for details on the file upload workflow.\n\nThe final step of the file upload workflow will return the attachment data,\nincluding the new file id. The caller can then PUT the file_id to the\nsubmission API to attach it to a comment",
          "nickname": "upload_file",
          "parameters": [
            {
              "paramType": "path",
              "name": "course_id",
              "description": "ID",
              "type": "string",
              "format": null,
              "required": true,
              "deprecated": false
            },
            {
              "paramType": "path",
              "name": "assignment_id",
              "description": "ID",
              "type": "string",
              "format": null,
              "required": true,
              "deprecated": false
            },
            {
              "paramType": "path",
              "name": "user_id",
              "description": "ID",
              "type": "string",
              "format": null,
              "required": true,
              "deprecated": false
            }
          ],
          "response_fields": [],
          "deprecated": false,
          "deprecation_description": "",
          "type": "void"
        }
      ]
    }
  ],
  "models": {}
}
