{
  "apiVersion": "1.0",
  "swaggerVersion": "1.2",
  "basePath": "http://localhost:3000/api",
  "resourcePath": "/tabs",
  "produces": [
    "application/json"
  ],
  "apis": [
    {
      "path": "/v1/accounts/{account_id}/tabs",
      "description": "Returns a paginated list of navigation tabs available in the current context.",
      "operations": [
        {
          "method": "GET",
          "summary": "List available tabs for a course or group",
          "notes": "Returns a paginated list of navigation tabs available in the current context.",
          "nickname": "list_available_tabs_for_course_or_group_accounts",
          "parameters": [
            {
              "paramType": "path",
              "name": "account_id",
              "description": "ID",
              "type": "string",
              "format": null,
              "required": true,
              "deprecated": false
            },
            {
              "paramType": "query",
              "name": "include",
              "description": "- \"course_subject_tabs\": Optional flag to return the tabs associated with a canvas_for_elementary subject course's\n  home page instead of the typical sidebar navigation. Only takes effect if this request is for a course context\n  in a canvas_for_elementary-enabled account or sub-account.",
              "type": "array",
              "format": null,
              "required": false,
              "deprecated": false,
              "enum": [
                "course_subject_tabs"
              ],
              "items": {
                "type": "string"
              }
            }
          ],
          "response_fields": [],
          "deprecated": false,
          "deprecation_description": "",
          "type": "void"
        }
      ]
    },
    {
      "path": "/v1/courses/{course_id}/tabs",
      "description": "Returns a paginated list of navigation tabs available in the current context.",
      "operations": [
        {
          "method": "GET",
          "summary": "List available tabs for a course or group",
          "notes": "Returns a paginated list of navigation tabs available in the current context.",
          "nickname": "list_available_tabs_for_course_or_group_courses",
          "parameters": [
            {
              "paramType": "path",
              "name": "course_id",
              "description": "ID",
              "type": "string",
              "format": null,
              "required": true,
              "deprecated": false
            },
            {
              "paramType": "query",
              "name": "include",
              "description": "- \"course_subject_tabs\": Optional flag to return the tabs associated with a canvas_for_elementary subject course's\n  home page instead of the typical sidebar navigation. Only takes effect if this request is for a course context\n  in a canvas_for_elementary-enabled account or sub-account.",
              "type": "array",
              "format": null,
              "required": false,
              "deprecated": false,
              "enum": [
                "course_subject_tabs"
              ],
              "items": {
                "type": "string"
              }
            }
          ],
          "response_fields": [],
          "deprecated": false,
          "deprecation_description": "",
          "type": "void"
        }
      ]
    },
    {
      "path": "/v1/groups/{group_id}/tabs",
      "description": "Returns a paginated list of navigation tabs available in the current context.",
      "operations": [
        {
          "method": "GET",
          "summary": "List available tabs for a course or group",
          "notes": "Returns a paginated list of navigation tabs available in the current context.",
          "nickname": "list_available_tabs_for_course_or_group_groups",
          "parameters": [
            {
              "paramType": "path",
              "name": "group_id",
              "description": "ID",
              "type": "string",
              "format": null,
              "required": true,
              "deprecated": false
            },
            {
              "paramType": "query",
              "name": "include",
              "description": "- \"course_subject_tabs\": Optional flag to return the tabs associated with a canvas_for_elementary subject course's\n  home page instead of the typical sidebar navigation. Only takes effect if this request is for a course context\n  in a canvas_for_elementary-enabled account or sub-account.",
              "type": "array",
              "format": null,
              "required": false,
              "deprecated": false,
              "enum": [
                "course_subject_tabs"
              ],
              "items": {
                "type": "string"
              }
            }
          ],
          "response_fields": [],
          "deprecated": false,
          "deprecation_description": "",
          "type": "void"
        }
      ]
    },
    {
      "path": "/v1/users/{user_id}/tabs",
      "description": "Returns a paginated list of navigation tabs available in the current context.",
      "operations": [
        {
          "method": "GET",
          "summary": "List available tabs for a course or group",
          "notes": "Returns a paginated list of navigation tabs available in the current context.",
          "nickname": "list_available_tabs_for_course_or_group_users",
          "parameters": [
            {
              "paramType": "path",
              "name": "user_id",
              "description": "ID",
              "type": "string",
              "format": null,
              "required": true,
              "deprecated": false
            },
            {
              "paramType": "query",
              "name": "include",
              "description": "- \"course_subject_tabs\": Optional flag to return the tabs associated with a canvas_for_elementary subject course's\n  home page instead of the typical sidebar navigation. Only takes effect if this request is for a course context\n  in a canvas_for_elementary-enabled account or sub-account.",
              "type": "array",
              "format": null,
              "required": false,
              "deprecated": false,
              "enum": [
                "course_subject_tabs"
              ],
              "items": {
                "type": "string"
              }
            }
          ],
          "response_fields": [],
          "deprecated": false,
          "deprecation_description": "",
          "type": "void"
        }
      ]
    },
    {
      "path": "/v1/courses/{course_id}/tabs/{tab_id}",
      "description": "Home and Settings tabs are not manageable, and can't be hidden or moved\n\nReturns a tab object",
      "operations": [
        {
          "method": "PUT",
          "summary": "Update a tab for a course",
          "notes": "Home and Settings tabs are not manageable, and can't be hidden or moved\n\nReturns a tab object",
          "nickname": "update_tab_for_course",
          "parameters": [
            {
              "paramType": "path",
              "name": "course_id",
              "description": "ID",
              "type": "string",
              "format": null,
              "required": true,
              "deprecated": false
            },
            {
              "paramType": "path",
              "name": "tab_id",
              "description": "ID",
              "type": "string",
              "format": null,
              "required": true,
              "deprecated": false
            },
            {
              "paramType": "form",
              "name": "position",
              "description": "The new position of the tab, 1-based",
              "type": "integer",
              "format": "int64",
              "required": false,
              "deprecated": false
            },
            {
              "paramType": "form",
              "name": "hidden",
              "description": "no description",
              "type": "boolean",
              "format": null,
              "required": false,
              "deprecated": false
            }
          ],
          "response_fields": [],
          "deprecated": false,
          "deprecation_description": "",
          "type": "Tab"
        }
      ]
    }
  ],
  "models": {
    "Tab": {
      "id": "Tab",
      "description": "",
      "required": [],
      "deprecated": false,
      "deprecation_description": null,
      "properties": {
        "html_url": {
          "example": "/courses/1/external_tools/4",
          "type": "string"
        },
        "id": {
          "example": "context_external_tool_4",
          "type": "string"
        },
        "label": {
          "example": "WordPress",
          "type": "string"
        },
        "type": {
          "example": "external",
          "type": "string"
        },
        "hidden": {
          "description": "only included if true",
          "example": true,
          "type": "boolean"
        },
        "visibility": {
          "description": "possible values are: public, members, admins, and none",
          "example": "public",
          "type": "string"
        },
        "position": {
          "description": "1 based",
          "example": 2,
          "type": "integer"
        }
      }
    }
  }
}
